回答ID,回答日,拠点名,接客対応_評価,接客対応_コメント,清潔さ_評価,清潔さ_コメント,設備_評価,設備_コメント,対応スピード_評価,対応スピード_コメント,総合満足度_評価,総合満足度_コメント
R00001,2026-07-04,札幌店,5,,5,清掃が行き届いていました,3,設備は必要十分でした,1,呼んでもなかなか来てもらえませんでした,5,期待以上のサービスでした
R00002,2026-07-18,札幌店,4,,5,,2,,4,,3,
R00003,2026-07-01,札幌店,3,,,清潔さは普通でした,4,,4,,5,期待以上のサービスでした
R00004,2026-07-24,札幌店,3,,4,,5,,3,,1,
R00005,2026-07-07,札幌店,1,,4,,4,,2,,3,
R00006,2026-07-02,札幌店,1,説明が分かりにくかったです,4,店内がとても清潔で気持ちよかったです,5,,1,待ち時間が長く感じました,5,
R00007,2026-07-06,札幌店,4,笑顔で挨拶していただき気持ちよかったです,5,,4,,1,呼んでもなかなか来てもらえませんでした,4,
R00008,2026-07-22,札幌店,4,,4,,1,,5,案内が早くて助かりました,5,また利用したいと思います
R00009,2026-07-25,札幌店,5,,1,トイレの清掃が行き届いていませんでした,,設備は必要十分でした,4,,1,
R00010,2026-07-28,札幌店,5,,4,,4,設備が新しく快適でした,4,案内が早くて助かりました,1,期待外れでした
R00011,2026-07-04,札幌店,5,,4,清掃が行き届いていました,4,,2,,5,期待以上のサービスでした
R00012,2026-07-02,札幌店,1,,5,,2,,3,待ち時間は許容範囲でした,2,
R00013,2026-07-08,札幌店,5,笑顔で挨拶していただき気持ちよかったです,3,清潔さは普通でした,5,,1,,1,
R00014,2026-07-20,札幌店,,特に問題はありませんでした,2,トイレの清掃が行き届いていませんでした,4,設備が新しく快適でした,1,,5,また利用したいと思います
R00015,2026-08-14,札幌店,2,説明が分かりにくかったです,1,,1,空調の効きが悪かったです,4,案内が早くて助かりました,1,
R00016,2026-08-09,札幌店,2,,,,2,設備が古く感じました,1,,1,期待外れでした
R00017,2026-08-08,札幌店,4,,3,,4,,4,案内が早くて助かりました,,
R00018,2026-08-03,札幌店,5,,1,トイレの清掃が行き届いていませんでした,4,設備が新しく快適でした,5,,2,
R00019,2026-08-02,札幌店,,,1,トイレの清掃が行き届いていませんでした,2,駐車場が狭くて停めにくかったです,1,呼んでもなかなか来てもらえませんでした,3,可もなく不可もなくという印象です
R00020,2026-08-01,札幌店,3,,5,,5,設備が新しく快適でした,1,,4,
R00021,2026-08-18,札幌店,4,,3,,1,,3,,2,
R00022,2026-08-01,札幌店,4,質問にすぐ答えてくれて助かりました,5,清掃が行き届いていました,4,設備が新しく快適でした,1,対応が遅く感じました,5,
R00023,2026-08-17,札幌店,5,スタッフの対応がとても丁寧でした,5,,1,,4,案内が早くて助かりました,5,
R00024,2026-08-15,札幌店,3,特に問題はありませんでした,2,匂いが気になりました,5,,5,,4,
R00025,2026-08-16,札幌店,5,,5,,4,,5,,5,また利用したいと思います
R00026,2026-08-04,札幌店,5,,3,清潔さは普通でした,4,,5,,5,また利用したいと思います
R00027,2026-08-16,札幌店,4,,3,,5,,5,,4,
R00028,2026-08-01,札幌店,3,,1,,1,駐車場が狭くて停めにくかったです,1,,3,
R00029,2026-08-10,札幌店,2,,4,清掃が行き届いていました,3,設備は必要十分でした,3,,4,
R00030,2026-07-29,函館店,5,,2,,4,,2,,2,
R00031,2026-07-08,函館店,2,,5,清掃が行き届いていました,1,空調の効きが悪かったです,4,,3,
R00032,2026-07-20,函館店,5,,4,店内がとても清潔で気持ちよかったです,2,,5,,4,
R00033,2026-07-24,函館店,5,笑顔で挨拶していただき気持ちよかったです,4,,1,設備が古く感じました,5,案内が早くて助かりました,2,
R00034,2026-07-26,函館店,4,スタッフの対応がとても丁寧でした,4,,4,,4,,1,次は利用しないかもしれません
R00035,2026-07-16,函館店,5,,4,,3,設備は必要十分でした,4,,4,
R00036,2026-07-26,函館店,2,,2,,3,設備は必要十分でした,5,,1,
R00037,2026-07-28,函館店,3,普通の対応でした,2,,5,駐車場が広くて停めやすかったです,4,,1,価格の割に満足度が低いと感じました
R00038,2026-07-30,函館店,4,,1,,3,設備は必要十分でした,4,,,可もなく不可もなくという印象です
R00039,2026-07-04,函館店,4,,4,,1,空調の効きが悪かったです,1,,3,
R00040,2026-07-11,函館店,3,特に問題はありませんでした,2,匂いが気になりました,1,,1,待ち時間が長く感じました,2,
R00041,2026-08-02,函館店,1,スタッフの対応が冷たく感じました,2,床が汚れているのが気になりました,3,,4,,2,次は利用しないかもしれません
R00042,2026-08-12,函館店,4,スタッフの対応がとても丁寧でした,,,5,,1,呼んでもなかなか来てもらえませんでした,4,家族にもすすめたいです
R00043,2026-08-18,函館店,4,スタッフの対応がとても丁寧でした,4,,3,,4,,4,
R00044,2026-08-16,函館店,5,スタッフの対応がとても丁寧でした,2,,1,駐車場が狭くて停めにくかったです,5,待ち時間が少なくスムーズでした,5,家族にもすすめたいです
R00045,2026-08-01,函館店,4,質問にすぐ答えてくれて助かりました,3,清潔さは普通でした,4,,1,対応が遅く感じました,4,
R00046,2026-08-04,函館店,4,,5,,2,駐車場が狭くて停めにくかったです,4,,1,
R00047,2026-08-03,函館店,3,特に問題はありませんでした,4,清掃が行き届いていました,3,設備は必要十分でした,5,,3,可もなく不可もなくという印象です
R00048,2026-08-17,函館店,4,スタッフの対応がとても丁寧でした,5,清掃が行き届いていました,5,,3,,4,期待以上のサービスでした
R00049,2026-08-17,函館店,2,,5,清掃が行き届いていました,1,,2,対応が遅く感じました,4,家族にもすすめたいです
R00050,2026-08-10,函館店,4,,2,,1,駐車場が狭くて停めにくかったです,2,対応が遅く感じました,5,
R00051,2026-08-11,函館店,4,質問にすぐ答えてくれて助かりました,4,,1,,5,,1,
R00052,2026-08-03,函館店,4,,5,,,設備は必要十分でした,3,,1,次は利用しないかもしれません
R00053,2026-08-14,函館店,2,,4,,4,,4,,5,家族にもすすめたいです
R00054,2026-07-29,盛岡店,4,,5,,4,,4,,2,
R00055,2026-07-05,盛岡店,4,,5,,4,設備が新しく快適でした,5,案内が早くて助かりました,3,可もなく不可もなくという印象です
R00056,2026-07-05,盛岡店,4,スタッフの対応がとても丁寧でした,4,,5,,4,,2,
R00057,2026-07-18,盛岡店,2,,2,床が汚れているのが気になりました,4,,5,案内が早くて助かりました,2,
R00058,2026-07-03,盛岡店,2,,2,匂いが気になりました,5,駐車場が広くて停めやすかったです,5,,5,
R00059,2026-07-23,盛岡店,4,,1,床が汚れているのが気になりました,4,設備が新しく快適でした,3,,4,
R00060,2026-07-21,盛岡店,3,普通の対応でした,5,店内がとても清潔で気持ちよかったです,4,駐車場が広くて停めやすかったです,4,,2,次は利用しないかもしれません
R00061,2026-07-30,盛岡店,5,質問にすぐ答えてくれて助かりました,3,清潔さは普通でした,5,,4,案内が早くて助かりました,3,
R00062,2026-07-25,盛岡店,3,,5,清掃が行き届いていました,3,設備は必要十分でした,,待ち時間は許容範囲でした,3,可もなく不可もなくという印象です
R00063,2026-07-15,盛岡店,5,,3,,4,,5,,4,
R00064,2026-08-07,盛岡店,4,スタッフの対応がとても丁寧でした,5,,4,駐車場が広くて停めやすかったです,1,,5,家族にもすすめたいです
R00065,2026-08-06,盛岡店,5,,2,,5,,3,,1,
R00066,2026-08-08,盛岡店,5,笑顔で挨拶していただき気持ちよかったです,4,,5,設備が新しく快適でした,4,待ち時間が少なくスムーズでした,4,期待以上のサービスでした
R00067,2026-08-18,盛岡店,5,,3,清潔さは普通でした,5,駐車場が広くて停めやすかったです,4,,3,
R00068,2026-08-12,盛岡店,4,,2,匂いが気になりました,4,駐車場が広くて停めやすかったです,4,案内が早くて助かりました,5,
R00069,2026-08-15,盛岡店,3,,4,清掃が行き届いていました,3,設備は必要十分でした,5,待ち時間が少なくスムーズでした,5,家族にもすすめたいです
R00070,2026-08-13,盛岡店,5,,5,清掃が行き届いていました,,,4,,5,
R00071,2026-08-09,盛岡店,5,,2,匂いが気になりました,3,,4,待ち時間が少なくスムーズでした,4,また利用したいと思います
R00072,2026-08-18,盛岡店,4,,3,,3,,5,待ち時間が少なくスムーズでした,4,
R00073,2026-08-15,盛岡店,,普通の対応でした,4,,5,,3,,5,期待以上のサービスでした
R00074,2026-08-12,盛岡店,4,,2,,5,駐車場が広くて停めやすかったです,5,待ち時間が少なくスムーズでした,5,また利用したいと思います
R00075,2026-08-09,盛岡店,4,,5,,5,,4,,4,
R00076,2026-08-03,盛岡店,5,,3,,3,,5,,5,
R00077,2026-08-07,盛岡店,2,,3,,4,駐車場が広くて停めやすかったです,3,待ち時間は許容範囲でした,3,
R00078,2026-08-12,盛岡店,1,,5,,5,設備が新しく快適でした,4,,5,
R00079,2026-08-02,盛岡店,3,,3,,4,設備が新しく快適でした,5,,3,
R00080,2026-07-28,仙台店,,,4,,4,駐車場が広くて停めやすかったです,1,,4,また利用したいと思います
R00081,2026-07-29,仙台店,4,,5,,5,,2,呼んでもなかなか来てもらえませんでした,3,
R00082,2026-07-14,仙台店,5,スタッフの対応がとても丁寧でした,4,店内がとても清潔で気持ちよかったです,3,設備は必要十分でした,1,,4,
R00083,2026-07-13,仙台店,5,,5,店内がとても清潔で気持ちよかったです,5,,2,呼んでもなかなか来てもらえませんでした,3,可もなく不可もなくという印象です
R00084,2026-07-29,仙台店,3,,4,,4,,4,,5,期待以上のサービスでした
R00085,2026-07-27,仙台店,1,,5,,4,,5,案内が早くて助かりました,5,
R00086,2026-07-26,仙台店,5,,5,清掃が行き届いていました,5,,5,,3,
R00087,2026-07-14,仙台店,5,,4,,4,,5,,4,また利用したいと思います
R00088,2026-07-02,仙台店,1,,4,清掃が行き届いていました,4,,4,待ち時間が少なくスムーズでした,5,期待以上のサービスでした
R00089,2026-07-01,仙台店,3,普通の対応でした,4,,4,設備が新しく快適でした,4,,4,家族にもすすめたいです
R00090,2026-07-05,仙台店,4,,5,,4,,4,案内が早くて助かりました,5,
R00091,2026-08-05,仙台店,,,2,匂いが気になりました,5,,5,,4,家族にもすすめたいです
R00092,2026-08-03,仙台店,4,スタッフの対応がとても丁寧でした,4,,4,,4,,4,
R00093,2026-08-15,仙台店,5,質問にすぐ答えてくれて助かりました,3,,3,,5,,4,
R00094,2026-08-04,仙台店,5,,2,,5,,5,待ち時間が少なくスムーズでした,4,
R00095,2026-08-03,仙台店,5,,4,,5,,1,,4,
R00096,2026-08-16,仙台店,2,,5,,4,,5,案内が早くて助かりました,4,
R00097,2026-08-07,仙台店,3,特に問題はありませんでした,5,店内がとても清潔で気持ちよかったです,2,駐車場が狭くて停めにくかったです,3,,4,家族にもすすめたいです
R00098,2026-08-13,仙台店,3,普通の対応でした,4,店内がとても清潔で気持ちよかったです,4,,4,,5,また利用したいと思います
R00099,2026-08-05,仙台店,4,,5,店内がとても清潔で気持ちよかったです,5,,4,待ち時間が少なくスムーズでした,3,可もなく不可もなくという印象です
R00100,2026-08-08,仙台店,4,,,,5,,4,,3,可もなく不可もなくという印象です
R00101,2026-08-04,仙台店,4,笑顔で挨拶していただき気持ちよかったです,5,,4,,5,,2,次は利用しないかもしれません
R00102,2026-08-03,仙台店,2,態度が悪いスタッフがいました,4,,,設備は必要十分でした,5,,2,期待外れでした
R00103,2026-08-07,仙台店,5,,5,店内がとても清潔で気持ちよかったです,4,,4,,4,家族にもすすめたいです
R00104,2026-08-11,仙台店,4,,5,,4,駐車場が広くて停めやすかったです,3,,2,価格の割に満足度が低いと感じました
R00105,2026-08-07,仙台店,4,,5,店内がとても清潔で気持ちよかったです,4,,4,,4,また利用したいと思います
R00106,2026-08-15,仙台店,3,,,清潔さは普通でした,2,設備が古く感じました,1,,3,
R00107,2026-08-10,仙台店,4,,1,床が汚れているのが気になりました,4,,3,待ち時間は許容範囲でした,3,可もなく不可もなくという印象です
R00108,2026-07-29,郡山店,1,態度が悪いスタッフがいました,4,店内がとても清潔で気持ちよかったです,3,,5,案内が早くて助かりました,5,
R00109,2026-07-03,郡山店,4,笑顔で挨拶していただき気持ちよかったです,5,,,設備は必要十分でした,5,待ち時間が少なくスムーズでした,4,期待以上のサービスでした
R00110,2026-07-01,郡山店,5,,4,店内がとても清潔で気持ちよかったです,4,駐車場が広くて停めやすかったです,4,,1,
R00111,2026-07-02,郡山店,4,,4,,2,,5,案内が早くて助かりました,5,また利用したいと思います
R00112,2026-07-06,郡山店,2,,2,匂いが気になりました,3,,4,,3,
R00113,2026-07-14,郡山店,3,特に問題はありませんでした,3,清潔さは普通でした,4,設備が新しく快適でした,,待ち時間は許容範囲でした,3,
R00114,2026-07-14,郡山店,4,,5,店内がとても清潔で気持ちよかったです,5,駐車場が広くて停めやすかったです,3,,4,
R00115,2026-07-13,郡山店,2,スタッフの対応が冷たく感じました,1,,5,駐車場が広くて停めやすかったです,5,,4,
R00116,2026-08-08,郡山店,3,,3,清潔さは普通でした,5,,4,案内が早くて助かりました,4,期待以上のサービスでした
R00117,2026-08-07,郡山店,4,,2,,1,,5,,4,
R00118,2026-08-12,郡山店,3,,5,,3,,5,,4,
R00119,2026-08-12,郡山店,4,スタッフの対応がとても丁寧でした,5,,5,駐車場が広くて停めやすかったです,5,待ち時間が少なくスムーズでした,5,
R00120,2026-08-02,郡山店,1,,5,,4,,5,待ち時間が少なくスムーズでした,2,
R00121,2026-08-08,郡山店,2,説明が分かりにくかったです,5,,3,,4,,5,期待以上のサービスでした
R00122,2026-08-10,郡山店,4,スタッフの対応がとても丁寧でした,5,清掃が行き届いていました,3,設備は必要十分でした,5,案内が早くて助かりました,1,
R00123,2026-08-01,郡山店,3,,5,,5,,5,,5,
R00124,2026-08-17,郡山店,4,スタッフの対応がとても丁寧でした,5,清掃が行き届いていました,4,設備が新しく快適でした,3,,1,
R00125,2026-08-03,郡山店,3,,4,清掃が行き届いていました,4,,4,,3,
R00126,2026-08-05,郡山店,4,,3,,4,設備が新しく快適でした,4,,3,
R00127,2026-08-09,郡山店,3,特に問題はありませんでした,4,,3,,5,,5,期待以上のサービスでした
R00128,2026-08-17,郡山店,5,質問にすぐ答えてくれて助かりました,5,,3,,4,,4,家族にもすすめたいです
R00129,2026-08-14,郡山店,5,,5,店内がとても清潔で気持ちよかったです,5,駐車場が広くて停めやすかったです,5,,5,家族にもすすめたいです
R00130,2026-08-15,郡山店,1,,4,,,,5,,4,
R00131,2026-08-18,郡山店,4,質問にすぐ答えてくれて助かりました,5,,5,設備が新しく快適でした,4,,4,
R00132,2026-08-15,郡山店,5,スタッフの対応がとても丁寧でした,5,,,設備は必要十分でした,5,案内が早くて助かりました,5,家族にもすすめたいです
R00133,2026-07-11,水戸店,4,笑顔で挨拶していただき気持ちよかったです,3,,4,駐車場が広くて停めやすかったです,4,,4,また利用したいと思います
R00134,2026-07-18,水戸店,4,,4,,3,設備は必要十分でした,5,待ち時間が少なくスムーズでした,5,
R00135,2026-07-05,水戸店,4,,2,匂いが気になりました,5,,2,呼んでもなかなか来てもらえませんでした,3,
R00136,2026-07-31,水戸店,4,,5,,4,設備が新しく快適でした,5,,5,期待以上のサービスでした
R00137,2026-07-21,水戸店,4,質問にすぐ答えてくれて助かりました,,,3,,4,,5,また利用したいと思います
R00138,2026-07-02,水戸店,5,質問にすぐ答えてくれて助かりました,3,,4,設備が新しく快適でした,3,待ち時間は許容範囲でした,,
R00139,2026-07-04,水戸店,4,,5,店内がとても清潔で気持ちよかったです,3,,3,,5,また利用したいと思います
R00140,2026-07-07,水戸店,4,,5,,4,設備が新しく快適でした,5,,4,期待以上のサービスでした
R00141,2026-08-02,水戸店,5,,5,清掃が行き届いていました,4,,5,,4,また利用したいと思います
R00142,2026-08-17,水戸店,3,普通の対応でした,4,,5,,1,待ち時間が長く感じました,5,
R00143,2026-08-08,水戸店,5,質問にすぐ答えてくれて助かりました,4,,4,,5,待ち時間が少なくスムーズでした,5,期待以上のサービスでした
R00144,2026-08-18,水戸店,5,質問にすぐ答えてくれて助かりました,5,,3,,1,対応が遅く感じました,5,
R00145,2026-08-18,水戸店,4,質問にすぐ答えてくれて助かりました,5,,1,空調の効きが悪かったです,4,,5,また利用したいと思います
R00146,2026-08-16,水戸店,4,,4,店内がとても清潔で気持ちよかったです,5,,5,,4,
R00147,2026-08-09,水戸店,4,笑顔で挨拶していただき気持ちよかったです,4,,1,空調の効きが悪かったです,4,,5,家族にもすすめたいです
R00148,2026-08-09,水戸店,5,,5,,5,,4,待ち時間が少なくスムーズでした,5,
R00149,2026-08-13,水戸店,4,,5,店内がとても清潔で気持ちよかったです,3,,4,案内が早くて助かりました,4,
R00150,2026-08-09,水戸店,4,質問にすぐ答えてくれて助かりました,4,,3,,4,案内が早くて助かりました,3,可もなく不可もなくという印象です
R00151,2026-08-18,水戸店,,,4,清掃が行き届いていました,3,,4,,1,期待外れでした
R00152,2026-08-06,水戸店,4,,3,清潔さは普通でした,4,,5,,4,
R00153,2026-07-08,宇都宮店,3,特に問題はありませんでした,3,,5,,5,,3,
R00154,2026-07-21,宇都宮店,4,スタッフの対応がとても丁寧でした,5,店内がとても清潔で気持ちよかったです,3,,4,,3,
R00155,2026-07-08,宇都宮店,3,,4,店内がとても清潔で気持ちよかったです,2,空調の効きが悪かったです,4,,4,期待以上のサービスでした
R00156,2026-07-03,宇都宮店,4,スタッフの対応がとても丁寧でした,5,清掃が行き届いていました,4,,4,,5,
R00157,2026-07-03,宇都宮店,5,,3,清潔さは普通でした,4,,5,,2,
R00158,2026-07-10,宇都宮店,2,,5,清掃が行き届いていました,5,駐車場が広くて停めやすかったです,5,,4,
R00159,2026-07-12,宇都宮店,4,笑顔で挨拶していただき気持ちよかったです,4,,3,,5,,4,
R00160,2026-07-07,宇都宮店,4,質問にすぐ答えてくれて助かりました,4,,4,設備が新しく快適でした,4,案内が早くて助かりました,3,可もなく不可もなくという印象です
R00161,2026-07-15,宇都宮店,5,,5,清掃が行き届いていました,4,駐車場が広くて停めやすかったです,5,,4,
R00162,2026-07-18,宇都宮店,5,,3,,4,駐車場が広くて停めやすかったです,5,,4,期待以上のサービスでした
R00163,2026-07-01,宇都宮店,4,,5,店内がとても清潔で気持ちよかったです,5,設備が新しく快適でした,1,対応が遅く感じました,1,
R00164,2026-08-01,宇都宮店,4,,4,,3,設備は必要十分でした,,,5,
R00165,2026-08-02,宇都宮店,4,,4,店内がとても清潔で気持ちよかったです,2,,4,,4,
R00166,2026-08-15,宇都宮店,4,,3,,5,,4,,,
R00167,2026-08-12,宇都宮店,4,,5,,4,,,待ち時間は許容範囲でした,4,また利用したいと思います
R00168,2026-08-13,宇都宮店,,,5,,4,,5,待ち時間が少なくスムーズでした,4,
R00169,2026-08-18,宇都宮店,4,,5,,4,駐車場が広くて停めやすかったです,4,,3,可もなく不可もなくという印象です
R00170,2026-08-08,宇都宮店,5,,5,店内がとても清潔で気持ちよかったです,5,,5,,4,期待以上のサービスでした
R00171,2026-08-10,宇都宮店,1,説明が分かりにくかったです,3,,4,設備が新しく快適でした,1,,5,期待以上のサービスでした
R00172,2026-08-16,宇都宮店,4,,4,,4,,2,,5,
R00173,2026-08-12,宇都宮店,3,普通の対応でした,5,,5,,5,案内が早くて助かりました,2,次は利用しないかもしれません
R00174,2026-07-31,前橋店,4,質問にすぐ答えてくれて助かりました,5,店内がとても清潔で気持ちよかったです,,設備は必要十分でした,5,,1,次は利用しないかもしれません
R00175,2026-07-08,前橋店,4,質問にすぐ答えてくれて助かりました,3,,4,駐車場が広くて停めやすかったです,5,,5,また利用したいと思います
R00176,2026-07-10,前橋店,1,,4,清掃が行き届いていました,5,駐車場が広くて停めやすかったです,5,案内が早くて助かりました,2,
R00177,2026-07-02,前橋店,5,笑顔で挨拶していただき気持ちよかったです,1,,2,,4,,4,
R00178,2026-07-22,前橋店,5,,4,,4,,2,,4,また利用したいと思います
R00179,2026-07-28,前橋店,4,スタッフの対応がとても丁寧でした,5,,1,,2,,3,
R00180,2026-07-08,前橋店,5,,4,,5,設備が新しく快適でした,1,,5,
R00181,2026-07-21,前橋店,1,態度が悪いスタッフがいました,5,店内がとても清潔で気持ちよかったです,3,,4,,1,次は利用しないかもしれません
R00182,2026-07-30,前橋店,5,,4,清掃が行き届いていました,3,設備は必要十分でした,4,待ち時間が少なくスムーズでした,1,
R00183,2026-07-29,前橋店,3,,1,匂いが気になりました,1,駐車場が狭くて停めにくかったです,3,,5,また利用したいと思います
R00184,2026-07-14,前橋店,4,,4,,5,駐車場が広くて停めやすかったです,5,案内が早くて助かりました,5,
R00185,2026-07-08,前橋店,5,,5,清掃が行き届いていました,5,,,待ち時間は許容範囲でした,5,家族にもすすめたいです
R00186,2026-07-22,前橋店,4,質問にすぐ答えてくれて助かりました,2,,5,設備が新しく快適でした,5,,1,次は利用しないかもしれません
R00187,2026-07-16,前橋店,2,,4,店内がとても清潔で気持ちよかったです,4,,3,,4,
R00188,2026-07-25,前橋店,4,,1,,2,駐車場が狭くて停めにくかったです,5,,,
R00189,2026-07-28,前橋店,1,説明が分かりにくかったです,4,,5,設備が新しく快適でした,5,案内が早くて助かりました,5,
R00190,2026-07-12,前橋店,5,,5,,3,,3,,5,家族にもすすめたいです
R00191,2026-08-03,前橋店,4,笑顔で挨拶していただき気持ちよかったです,3,清潔さは普通でした,4,駐車場が広くて停めやすかったです,1,,3,可もなく不可もなくという印象です
R00192,2026-08-18,前橋店,5,質問にすぐ答えてくれて助かりました,4,店内がとても清潔で気持ちよかったです,5,駐車場が広くて停めやすかったです,4,,3,
R00193,2026-08-03,前橋店,4,,5,店内がとても清潔で気持ちよかったです,2,,,,1,次は利用しないかもしれません
R00194,2026-08-15,前橋店,5,笑顔で挨拶していただき気持ちよかったです,4,,5,設備が新しく快適でした,5,案内が早くて助かりました,4,期待以上のサービスでした
R00195,2026-08-04,前橋店,4,,4,店内がとても清潔で気持ちよかったです,5,設備が新しく快適でした,5,,4,期待以上のサービスでした
R00196,2026-08-03,前橋店,5,,4,,4,駐車場が広くて停めやすかったです,1,,5,また利用したいと思います
R00197,2026-08-12,前橋店,5,,5,店内がとても清潔で気持ちよかったです,4,駐車場が広くて停めやすかったです,5,,5,
R00198,2026-08-01,前橋店,4,笑顔で挨拶していただき気持ちよかったです,1,,4,,4,,3,
R00199,2026-08-14,前橋店,1,態度が悪いスタッフがいました,3,,1,,5,,2,
R00200,2026-08-14,前橋店,5,スタッフの対応がとても丁寧でした,4,清掃が行き届いていました,4,,4,待ち時間が少なくスムーズでした,5,
R00201,2026-07-30,さいたま店,2,,3,,5,設備が新しく快適でした,4,案内が早くて助かりました,5,
R00202,2026-07-06,さいたま店,1,説明が分かりにくかったです,3,,3,,5,,2,
R00203,2026-07-15,さいたま店,5,,5,,4,,5,,4,
R00204,2026-07-12,さいたま店,4,,4,清掃が行き届いていました,1,,1,,4,
R00205,2026-07-31,さいたま店,4,,3,清潔さは普通でした,3,設備は必要十分でした,5,,4,家族にもすすめたいです
R00206,2026-07-21,さいたま店,5,笑顔で挨拶していただき気持ちよかったです,1,匂いが気になりました,4,,3,待ち時間は許容範囲でした,4,また利用したいと思います
R00207,2026-07-24,さいたま店,5,,2,匂いが気になりました,5,,3,待ち時間は許容範囲でした,4,期待以上のサービスでした
R00208,2026-07-17,さいたま店,2,挨拶がなく残念でした,,,2,駐車場が狭くて停めにくかったです,4,,1,
R00209,2026-07-01,さいたま店,2,,5,店内がとても清潔で気持ちよかったです,1,空調の効きが悪かったです,1,,5,
R00210,2026-07-30,さいたま店,1,,,,3,,5,,1,
R00211,2026-07-19,さいたま店,1,,2,,,設備は必要十分でした,2,待ち時間が長く感じました,3,
R00212,2026-07-16,さいたま店,5,,,清潔さは普通でした,5,設備が新しく快適でした,2,,5,
R00213,2026-07-27,さいたま店,4,,2,,3,設備は必要十分でした,2,,5,また利用したいと思います
R00214,2026-07-06,さいたま店,4,,4,,5,,,,4,また利用したいと思います
R00215,2026-08-02,さいたま店,5,,5,清掃が行き届いていました,5,,5,案内が早くて助かりました,5,
R00216,2026-08-04,さいたま店,4,質問にすぐ答えてくれて助かりました,4,店内がとても清潔で気持ちよかったです,4,,3,,4,
R00217,2026-08-09,さいたま店,5,,5,,4,駐車場が広くて停めやすかったです,3,,2,
R00218,2026-08-13,さいたま店,2,説明が分かりにくかったです,4,,5,,5,案内が早くて助かりました,5,
R00219,2026-08-06,さいたま店,1,説明が分かりにくかったです,4,,1,駐車場が狭くて停めにくかったです,,,3,
R00220,2026-08-03,さいたま店,2,説明が分かりにくかったです,4,,4,,4,案内が早くて助かりました,4,
R00221,2026-08-10,さいたま店,4,,4,,2,空調の効きが悪かったです,5,案内が早くて助かりました,5,
R00222,2026-08-09,さいたま店,,普通の対応でした,5,清掃が行き届いていました,5,設備が新しく快適でした,1,,,
R00223,2026-08-18,さいたま店,1,,3,清潔さは普通でした,1,,2,呼んでもなかなか来てもらえませんでした,5,期待以上のサービスでした
R00224,2026-08-17,さいたま店,4,,2,,4,駐車場が広くて停めやすかったです,1,,3,可もなく不可もなくという印象です
R00225,2026-08-10,さいたま店,,,2,,5,,1,待ち時間が長く感じました,5,
R00226,2026-08-06,さいたま店,5,質問にすぐ答えてくれて助かりました,4,,5,,4,,5,
R00227,2026-08-06,さいたま店,3,普通の対応でした,5,,2,,5,,4,
R00228,2026-08-06,さいたま店,5,,4,店内がとても清潔で気持ちよかったです,3,設備は必要十分でした,3,,1,
R00229,2026-08-04,さいたま店,5,,2,トイレの清掃が行き届いていませんでした,1,,4,待ち時間が少なくスムーズでした,5,
R00230,2026-08-13,さいたま店,4,,5,店内がとても清潔で気持ちよかったです,3,設備は必要十分でした,5,案内が早くて助かりました,5,
R00231,2026-07-24,千葉店,4,,4,店内がとても清潔で気持ちよかったです,4,,3,待ち時間は許容範囲でした,4,
R00232,2026-07-30,千葉店,4,,5,,5,駐車場が広くて停めやすかったです,5,,5,
R00233,2026-07-28,千葉店,4,,4,店内がとても清潔で気持ちよかったです,1,,4,,4,
R00234,2026-07-13,千葉店,5,スタッフの対応がとても丁寧でした,2,,,設備は必要十分でした,5,案内が早くて助かりました,3,
R00235,2026-07-30,千葉店,3,特に問題はありませんでした,2,,4,,4,,4,家族にもすすめたいです
R00236,2026-07-28,千葉店,3,普通の対応でした,3,,2,,4,案内が早くて助かりました,4,家族にもすすめたいです
R00237,2026-07-29,千葉店,4,スタッフの対応がとても丁寧でした,5,清掃が行き届いていました,5,設備が新しく快適でした,3,待ち時間は許容範囲でした,1,
R00238,2026-07-13,千葉店,5,,2,床が汚れているのが気になりました,3,,,待ち時間は許容範囲でした,4,期待以上のサービスでした
R00239,2026-07-21,千葉店,4,,4,,1,,4,,4,
R00240,2026-07-16,千葉店,5,,4,,4,,4,,5,家族にもすすめたいです
R00241,2026-07-11,千葉店,1,,3,清潔さは普通でした,3,設備は必要十分でした,5,,3,
R00242,2026-07-26,千葉店,,,4,,4,設備が新しく快適でした,,,2,期待外れでした
R00243,2026-08-09,千葉店,3,,4,,3,,5,,4,また利用したいと思います
R00244,2026-08-13,千葉店,5,,4,清掃が行き届いていました,2,,5,待ち時間が少なくスムーズでした,3,
R00245,2026-08-01,千葉店,1,,4,,5,,2,対応が遅く感じました,4,
R00246,2026-08-10,千葉店,5,,1,,5,設備が新しく快適でした,4,,3,
R00247,2026-08-03,千葉店,4,笑顔で挨拶していただき気持ちよかったです,4,清掃が行き届いていました,4,駐車場が広くて停めやすかったです,,待ち時間は許容範囲でした,4,
R00248,2026-08-09,千葉店,5,,4,清掃が行き届いていました,1,,5,案内が早くて助かりました,4,また利用したいと思います
R00249,2026-08-03,千葉店,5,,4,,4,駐車場が広くて停めやすかったです,5,案内が早くて助かりました,5,
R00250,2026-08-18,千葉店,3,,5,店内がとても清潔で気持ちよかったです,,,5,案内が早くて助かりました,4,家族にもすすめたいです
R00251,2026-08-14,千葉店,3,普通の対応でした,5,,2,駐車場が狭くて停めにくかったです,4,案内が早くて助かりました,3,
R00252,2026-08-01,千葉店,4,,4,,4,,5,,5,
R00253,2026-08-08,千葉店,3,,3,清潔さは普通でした,5,,5,,5,家族にもすすめたいです
R00254,2026-07-06,新宿店,4,,4,,,,4,,5,また利用したいと思います
R00255,2026-07-28,新宿店,4,質問にすぐ答えてくれて助かりました,5,,3,,4,案内が早くて助かりました,5,家族にもすすめたいです
R00256,2026-07-22,新宿店,4,,4,清掃が行き届いていました,4,,5,,3,
R00257,2026-07-25,新宿店,5,,5,清掃が行き届いていました,3,設備は必要十分でした,2,,5,
R00258,2026-07-31,新宿店,4,,5,清掃が行き届いていました,4,駐車場が広くて停めやすかったです,4,,3,可もなく不可もなくという印象です
R00259,2026-07-10,新宿店,4,,5,,3,設備は必要十分でした,1,,5,期待以上のサービスでした
R00260,2026-07-22,新宿店,5,スタッフの対応がとても丁寧でした,4,清掃が行き届いていました,4,,5,,3,
R00261,2026-07-15,新宿店,4,スタッフの対応がとても丁寧でした,3,,5,駐車場が広くて停めやすかったです,5,案内が早くて助かりました,4,
R00262,2026-07-25,新宿店,5,質問にすぐ答えてくれて助かりました,4,,5,設備が新しく快適でした,4,案内が早くて助かりました,4,
R00263,2026-07-16,新宿店,3,普通の対応でした,5,,2,,5,待ち時間が少なくスムーズでした,5,
R00264,2026-07-17,新宿店,5,質問にすぐ答えてくれて助かりました,5,,5,設備が新しく快適でした,3,待ち時間は許容範囲でした,4,期待以上のサービスでした
R00265,2026-07-27,新宿店,4,スタッフの対応がとても丁寧でした,4,,2,空調の効きが悪かったです,3,,4,家族にもすすめたいです
R00266,2026-08-09,新宿店,4,質問にすぐ答えてくれて助かりました,4,清掃が行き届いていました,5,設備が新しく快適でした,1,,4,
R00267,2026-08-14,新宿店,4,スタッフの対応がとても丁寧でした,,清潔さは普通でした,3,設備は必要十分でした,5,,4,
R00268,2026-08-06,新宿店,4,質問にすぐ答えてくれて助かりました,5,清掃が行き届いていました,,,2,,5,
R00269,2026-08-12,新宿店,5,笑顔で挨拶していただき気持ちよかったです,4,,5,,5,案内が早くて助かりました,5,家族にもすすめたいです
R00270,2026-08-18,新宿店,3,,5,店内がとても清潔で気持ちよかったです,3,,5,,5,
R00271,2026-08-13,新宿店,5,,5,店内がとても清潔で気持ちよかったです,5,,4,案内が早くて助かりました,4,家族にもすすめたいです
R00272,2026-08-15,新宿店,4,,3,清潔さは普通でした,4,,2,対応が遅く感じました,4,また利用したいと思います
R00273,2026-08-14,新宿店,5,質問にすぐ答えてくれて助かりました,4,,4,駐車場が広くて停めやすかったです,2,,4,期待以上のサービスでした
R00274,2026-07-19,渋谷店,4,笑顔で挨拶していただき気持ちよかったです,1,匂いが気になりました,5,駐車場が広くて停めやすかったです,2,,4,
R00275,2026-07-08,渋谷店,2,,3,,4,,4,案内が早くて助かりました,3,
R00276,2026-07-08,渋谷店,5,質問にすぐ答えてくれて助かりました,3,,2,,5,案内が早くて助かりました,3,
R00277,2026-07-22,渋谷店,3,,2,トイレの清掃が行き届いていませんでした,5,設備が新しく快適でした,,,5,
R00278,2026-07-22,渋谷店,1,,2,匂いが気になりました,4,,4,,1,期待外れでした
R00279,2026-07-08,渋谷店,4,,5,店内がとても清潔で気持ちよかったです,5,,3,,4,期待以上のサービスでした
R00280,2026-07-31,渋谷店,5,,1,床が汚れているのが気になりました,3,設備は必要十分でした,5,待ち時間が少なくスムーズでした,4,期待以上のサービスでした
R00281,2026-07-30,渋谷店,4,,5,,3,,1,,1,
R00282,2026-07-13,渋谷店,1,説明が分かりにくかったです,2,匂いが気になりました,5,設備が新しく快適でした,4,,4,
R00283,2026-08-12,渋谷店,4,笑顔で挨拶していただき気持ちよかったです,2,,5,,5,,4,
R00284,2026-08-11,渋谷店,5,,5,,5,,1,,3,可もなく不可もなくという印象です
R00285,2026-08-06,渋谷店,5,,5,,4,設備が新しく快適でした,5,,1,価格の割に満足度が低いと感じました
R00286,2026-08-06,渋谷店,5,,4,,2,空調の効きが悪かったです,4,,4,期待以上のサービスでした
R00287,2026-08-12,渋谷店,1,,3,清潔さは普通でした,1,空調の効きが悪かったです,5,,5,期待以上のサービスでした
R00288,2026-08-09,渋谷店,4,,3,,1,設備が古く感じました,5,待ち時間が少なくスムーズでした,5,家族にもすすめたいです
R00289,2026-08-02,渋谷店,5,,3,清潔さは普通でした,5,設備が新しく快適でした,1,待ち時間が長く感じました,4,期待以上のサービスでした
R00290,2026-08-11,渋谷店,2,説明が分かりにくかったです,3,清潔さは普通でした,4,,5,,5,
R00291,2026-08-03,渋谷店,4,質問にすぐ答えてくれて助かりました,4,清掃が行き届いていました,1,,4,待ち時間が少なくスムーズでした,,可もなく不可もなくという印象です
R00292,2026-08-15,渋谷店,2,挨拶がなく残念でした,5,清掃が行き届いていました,3,設備は必要十分でした,1,,1,
R00293,2026-08-13,渋谷店,1,,3,,3,,4,待ち時間が少なくスムーズでした,1,次は利用しないかもしれません
R00294,2026-08-02,渋谷店,4,,4,清掃が行き届いていました,4,設備が新しく快適でした,2,呼んでもなかなか来てもらえませんでした,5,期待以上のサービスでした
R00295,2026-08-15,渋谷店,5,,4,店内がとても清潔で気持ちよかったです,4,,3,,4,
R00296,2026-08-14,渋谷店,1,,2,トイレの清掃が行き届いていませんでした,1,,5,,1,価格の割に満足度が低いと感じました
R00297,2026-08-03,渋谷店,1,説明が分かりにくかったです,3,,4,,5,,5,期待以上のサービスでした
R00298,2026-08-14,渋谷店,5,,1,,5,設備が新しく快適でした,4,,4,
R00299,2026-07-05,横浜店,3,,4,,5,設備が新しく快適でした,4,待ち時間が少なくスムーズでした,,可もなく不可もなくという印象です
R00300,2026-07-29,横浜店,4,笑顔で挨拶していただき気持ちよかったです,4,清掃が行き届いていました,4,,4,案内が早くて助かりました,4,
R00301,2026-07-01,横浜店,4,スタッフの対応がとても丁寧でした,5,,4,,1,,3,可もなく不可もなくという印象です
R00302,2026-07-17,横浜店,4,,2,トイレの清掃が行き届いていませんでした,4,,1,,1,
R00303,2026-07-27,横浜店,5,,5,,2,,5,待ち時間が少なくスムーズでした,4,期待以上のサービスでした
R00304,2026-07-02,横浜店,1,,5,,3,,4,案内が早くて助かりました,5,
R00305,2026-07-25,横浜店,5,笑顔で挨拶していただき気持ちよかったです,1,,4,設備が新しく快適でした,5,待ち時間が少なくスムーズでした,4,また利用したいと思います
R00306,2026-07-27,横浜店,1,,5,,3,,1,,1,期待外れでした
R00307,2026-07-07,横浜店,5,スタッフの対応がとても丁寧でした,1,,1,,1,,1,
R00308,2026-07-22,横浜店,1,,4,,3,,4,待ち時間が少なくスムーズでした,2,次は利用しないかもしれません
R00309,2026-07-26,横浜店,4,,4,,,,3,,2,期待外れでした
R00310,2026-07-08,横浜店,2,挨拶がなく残念でした,4,店内がとても清潔で気持ちよかったです,1,駐車場が狭くて停めにくかったです,3,,5,期待以上のサービスでした
R00311,2026-07-11,横浜店,5,笑顔で挨拶していただき気持ちよかったです,5,清掃が行き届いていました,2,駐車場が狭くて停めにくかったです,5,,1,
R00312,2026-07-05,横浜店,1,挨拶がなく残念でした,4,清掃が行き届いていました,2,,3,,5,また利用したいと思います
R00313,2026-07-24,横浜店,5,,5,,2,,5,案内が早くて助かりました,,可もなく不可もなくという印象です
R00314,2026-08-05,横浜店,,,4,,3,設備は必要十分でした,4,待ち時間が少なくスムーズでした,5,
R00315,2026-08-06,横浜店,3,普通の対応でした,2,,,,4,案内が早くて助かりました,5,
R00316,2026-08-01,横浜店,3,,,,,,3,待ち時間は許容範囲でした,4,
R00317,2026-08-14,横浜店,5,質問にすぐ答えてくれて助かりました,2,,2,,1,対応が遅く感じました,4,
R00318,2026-08-17,横浜店,3,,5,店内がとても清潔で気持ちよかったです,1,,3,待ち時間は許容範囲でした,5,
R00319,2026-08-17,横浜店,4,質問にすぐ答えてくれて助かりました,5,,5,,3,,4,
R00320,2026-08-11,横浜店,1,説明が分かりにくかったです,5,,4,設備が新しく快適でした,4,案内が早くて助かりました,1,
R00321,2026-08-15,横浜店,2,,4,,3,設備は必要十分でした,5,待ち時間が少なくスムーズでした,1,
R00322,2026-08-03,横浜店,3,,3,,5,駐車場が広くて停めやすかったです,4,案内が早くて助かりました,1,
R00323,2026-08-01,横浜店,4,,1,,3,設備は必要十分でした,5,待ち時間が少なくスムーズでした,5,
R00324,2026-08-06,横浜店,5,,5,,5,駐車場が広くて停めやすかったです,2,,5,
R00325,2026-08-18,横浜店,5,,5,,3,,1,,5,
R00326,2026-08-09,横浜店,4,,3,清潔さは普通でした,4,,,待ち時間は許容範囲でした,5,家族にもすすめたいです
R00327,2026-08-11,横浜店,5,,4,,1,,,待ち時間は許容範囲でした,3,
R00328,2026-08-14,横浜店,4,,5,店内がとても清潔で気持ちよかったです,1,駐車場が狭くて停めにくかったです,1,待ち時間が長く感じました,4,
R00329,2026-08-17,横浜店,1,,5,,2,,5,,5,
R00330,2026-08-11,横浜店,4,質問にすぐ答えてくれて助かりました,2,匂いが気になりました,5,,2,,5,期待以上のサービスでした
R00331,2026-07-03,川崎店,4,,3,,5,,4,案内が早くて助かりました,3,
R00332,2026-07-24,川崎店,5,質問にすぐ答えてくれて助かりました,4,,5,駐車場が広くて停めやすかったです,,,3,可もなく不可もなくという印象です
R00333,2026-07-28,川崎店,3,,1,,5,,5,待ち時間が少なくスムーズでした,4,家族にもすすめたいです
R00334,2026-07-21,川崎店,5,,3,清潔さは普通でした,5,,1,,4,
R00335,2026-07-21,川崎店,1,スタッフの対応が冷たく感じました,5,店内がとても清潔で気持ちよかったです,3,設備は必要十分でした,2,,5,期待以上のサービスでした
R00336,2026-07-25,川崎店,4,,5,清掃が行き届いていました,4,,5,案内が早くて助かりました,2,価格の割に満足度が低いと感じました
R00337,2026-07-27,川崎店,5,質問にすぐ答えてくれて助かりました,5,,5,設備が新しく快適でした,3,,4,期待以上のサービスでした
R00338,2026-07-17,川崎店,5,,5,清掃が行き届いていました,4,駐車場が広くて停めやすかったです,5,,5,家族にもすすめたいです
R00339,2026-07-25,川崎店,4,笑顔で挨拶していただき気持ちよかったです,3,清潔さは普通でした,,,5,,5,
R00340,2026-07-04,川崎店,4,質問にすぐ答えてくれて助かりました,5,清掃が行き届いていました,5,,4,,3,
R00341,2026-07-30,川崎店,1,,4,,4,,4,,5,
R00342,2026-07-04,川崎店,3,,5,,5,駐車場が広くて停めやすかったです,3,,5,
R00343,2026-07-29,川崎店,4,,5,,4,,4,,5,
R00344,2026-08-03,川崎店,5,スタッフの対応がとても丁寧でした,4,,5,,5,,5,家族にもすすめたいです
R00345,2026-08-15,川崎店,4,,4,店内がとても清潔で気持ちよかったです,3,,5,,,
R00346,2026-08-14,川崎店,4,,5,清掃が行き届いていました,5,,4,,5,
R00347,2026-08-13,川崎店,4,,4,店内がとても清潔で気持ちよかったです,5,駐車場が広くて停めやすかったです,5,,4,
R00348,2026-08-05,川崎店,5,,5,店内がとても清潔で気持ちよかったです,4,,3,待ち時間は許容範囲でした,4,また利用したいと思います
R00349,2026-08-16,川崎店,4,質問にすぐ答えてくれて助かりました,5,,4,,5,案内が早くて助かりました,3,可もなく不可もなくという印象です
R00350,2026-08-14,川崎店,3,普通の対応でした,5,清掃が行き届いていました,3,設備は必要十分でした,5,,5,
R00351,2026-08-13,川崎店,4,,4,,4,駐車場が広くて停めやすかったです,5,,5,
R00352,2026-08-04,川崎店,3,特に問題はありませんでした,2,匂いが気になりました,4,,4,,4,また利用したいと思います
R00353,2026-08-14,川崎店,3,,,,4,設備が新しく快適でした,2,対応が遅く感じました,3,可もなく不可もなくという印象です
R00354,2026-08-13,川崎店,3,特に問題はありませんでした,5,,3,,2,待ち時間が長く感じました,3,可もなく不可もなくという印象です
R00355,2026-08-06,川崎店,5,,3,,4,,5,,4,また利用したいと思います
R00356,2026-07-18,新潟店,3,,4,,3,設備は必要十分でした,2,呼んでもなかなか来てもらえませんでした,1,
R00357,2026-07-19,新潟店,4,,5,,4,駐車場が広くて停めやすかったです,5,,2,期待外れでした
R00358,2026-07-22,新潟店,3,,2,匂いが気になりました,5,設備が新しく快適でした,4,案内が早くて助かりました,2,期待外れでした
R00359,2026-07-22,新潟店,1,挨拶がなく残念でした,2,,4,,4,案内が早くて助かりました,4,
R00360,2026-07-31,新潟店,5,,3,清潔さは普通でした,5,,2,呼んでもなかなか来てもらえませんでした,1,
R00361,2026-07-07,新潟店,5,,4,,5,,4,,4,
R00362,2026-07-19,新潟店,4,,5,,5,設備が新しく快適でした,2,,3,可もなく不可もなくという印象です
R00363,2026-07-06,新潟店,2,説明が分かりにくかったです,5,店内がとても清潔で気持ちよかったです,4,,4,,,
R00364,2026-07-02,新潟店,1,,1,,5,設備が新しく快適でした,5,,4,
R00365,2026-08-07,新潟店,3,,4,店内がとても清潔で気持ちよかったです,4,設備が新しく快適でした,3,,5,家族にもすすめたいです
R00366,2026-08-02,新潟店,5,笑顔で挨拶していただき気持ちよかったです,4,,2,空調の効きが悪かったです,4,,5,
R00367,2026-08-13,新潟店,4,,1,,5,,1,,1,
R00368,2026-08-10,新潟店,3,,3,,5,駐車場が広くて停めやすかったです,3,待ち時間は許容範囲でした,5,
R00369,2026-08-05,新潟店,4,質問にすぐ答えてくれて助かりました,1,,1,設備が古く感じました,1,,2,期待外れでした
R00370,2026-08-14,新潟店,3,,5,店内がとても清潔で気持ちよかったです,3,設備は必要十分でした,3,,,
R00371,2026-08-12,新潟店,3,特に問題はありませんでした,4,,5,,4,,2,
R00372,2026-08-15,新潟店,5,質問にすぐ答えてくれて助かりました,4,清掃が行き届いていました,1,,5,,1,
R00373,2026-08-14,新潟店,4,,4,,3,,1,呼んでもなかなか来てもらえませんでした,4,
R00374,2026-08-12,新潟店,4,,4,,5,,,,2,期待外れでした
R00375,2026-08-01,新潟店,4,,4,,4,設備が新しく快適でした,4,,4,
R00376,2026-08-03,新潟店,4,,2,トイレの清掃が行き届いていませんでした,5,設備が新しく快適でした,2,対応が遅く感じました,5,期待以上のサービスでした
R00377,2026-08-13,新潟店,5,スタッフの対応がとても丁寧でした,4,,5,,2,対応が遅く感じました,5,期待以上のサービスでした
R00378,2026-08-12,新潟店,4,,5,,4,駐車場が広くて停めやすかったです,4,,5,期待以上のサービスでした
R00379,2026-07-02,富山店,3,,4,清掃が行き届いていました,3,設備は必要十分でした,2,呼んでもなかなか来てもらえませんでした,4,家族にもすすめたいです
R00380,2026-07-02,富山店,3,,3,,5,駐車場が広くて停めやすかったです,,,5,
R00381,2026-07-05,富山店,4,スタッフの対応がとても丁寧でした,4,,5,,5,,4,
R00382,2026-07-18,富山店,3,特に問題はありませんでした,5,店内がとても清潔で気持ちよかったです,4,,5,,3,可もなく不可もなくという印象です
R00383,2026-07-08,富山店,2,態度が悪いスタッフがいました,3,,4,設備が新しく快適でした,1,,1,価格の割に満足度が低いと感じました
R00384,2026-07-01,富山店,5,,5,,5,,5,,4,期待以上のサービスでした
R00385,2026-07-01,富山店,1,,4,清掃が行き届いていました,1,,3,待ち時間は許容範囲でした,4,家族にもすすめたいです
R00386,2026-07-20,富山店,5,,5,,5,駐車場が広くて停めやすかったです,5,,4,
R00387,2026-07-27,富山店,1,,5,,5,駐車場が広くて停めやすかったです,2,対応が遅く感じました,,
R00388,2026-07-30,富山店,4,スタッフの対応がとても丁寧でした,1,,5,,4,,5,家族にもすすめたいです
R00389,2026-07-30,富山店,3,普通の対応でした,5,清掃が行き届いていました,1,,5,待ち時間が少なくスムーズでした,4,
R00390,2026-07-30,富山店,4,,1,トイレの清掃が行き届いていませんでした,5,,4,案内が早くて助かりました,1,期待外れでした
R00391,2026-07-18,富山店,4,笑顔で挨拶していただき気持ちよかったです,2,トイレの清掃が行き届いていませんでした,5,駐車場が広くて停めやすかったです,4,,,可もなく不可もなくという印象です
R00392,2026-08-03,富山店,2,挨拶がなく残念でした,5,,3,,1,,5,
R00393,2026-08-06,富山店,3,普通の対応でした,3,,2,駐車場が狭くて停めにくかったです,5,待ち時間が少なくスムーズでした,4,
R00394,2026-08-06,富山店,5,スタッフの対応がとても丁寧でした,4,,4,設備が新しく快適でした,5,案内が早くて助かりました,3,
R00395,2026-08-07,富山店,5,,4,店内がとても清潔で気持ちよかったです,5,設備が新しく快適でした,5,,,
R00396,2026-08-10,富山店,5,スタッフの対応がとても丁寧でした,4,,4,駐車場が広くて停めやすかったです,4,待ち時間が少なくスムーズでした,4,また利用したいと思います
R00397,2026-08-04,富山店,3,特に問題はありませんでした,3,清潔さは普通でした,5,,5,案内が早くて助かりました,4,期待以上のサービスでした
R00398,2026-08-13,富山店,4,笑顔で挨拶していただき気持ちよかったです,5,店内がとても清潔で気持ちよかったです,4,,5,,1,期待外れでした
R00399,2026-08-01,富山店,5,,3,,5,駐車場が広くて停めやすかったです,,待ち時間は許容範囲でした,4,家族にもすすめたいです
R00400,2026-08-11,富山店,4,,4,店内がとても清潔で気持ちよかったです,5,,3,,5,期待以上のサービスでした
R00401,2026-07-25,金沢店,3,,1,匂いが気になりました,2,設備が古く感じました,4,,3,
R00402,2026-07-28,金沢店,4,,3,,3,,5,,1,
R00403,2026-07-18,金沢店,1,,2,トイレの清掃が行き届いていませんでした,2,,5,待ち時間が少なくスムーズでした,5,期待以上のサービスでした
R00404,2026-07-19,金沢店,4,,5,,1,空調の効きが悪かったです,1,,4,期待以上のサービスでした
R00405,2026-07-06,金沢店,4,質問にすぐ答えてくれて助かりました,4,清掃が行き届いていました,4,駐車場が広くて停めやすかったです,1,,3,可もなく不可もなくという印象です
R00406,2026-07-27,金沢店,2,,2,匂いが気になりました,5,,4,待ち時間が少なくスムーズでした,3,
R00407,2026-07-09,金沢店,4,質問にすぐ答えてくれて助かりました,3,清潔さは普通でした,3,,2,,3,
R00408,2026-07-15,金沢店,4,,5,,4,,1,,1,
R00409,2026-07-26,金沢店,5,質問にすぐ答えてくれて助かりました,4,,4,,1,待ち時間が長く感じました,1,
R00410,2026-07-18,金沢店,2,,2,,1,,1,,,可もなく不可もなくという印象です
R00411,2026-07-03,金沢店,2,態度が悪いスタッフがいました,5,清掃が行き届いていました,3,,1,,5,
R00412,2026-07-12,金沢店,1,,4,清掃が行き届いていました,3,,2,対応が遅く感じました,4,
R00413,2026-07-07,金沢店,2,,1,,5,設備が新しく快適でした,,,2,
R00414,2026-07-23,金沢店,1,,,,5,,3,,4,
R00415,2026-07-16,金沢店,5,質問にすぐ答えてくれて助かりました,3,清潔さは普通でした,5,,4,待ち時間が少なくスムーズでした,5,
R00416,2026-07-21,金沢店,3,,2,,1,設備が古く感じました,2,,1,次は利用しないかもしれません
R00417,2026-08-09,金沢店,4,,5,,4,,2,,4,
R00418,2026-08-18,金沢店,1,,5,,5,,2,呼んでもなかなか来てもらえませんでした,5,また利用したいと思います
R00419,2026-08-11,金沢店,2,,1,,4,駐車場が広くて停めやすかったです,2,,5,家族にもすすめたいです
R00420,2026-08-11,金沢店,5,笑顔で挨拶していただき気持ちよかったです,3,清潔さは普通でした,4,,4,,4,
R00421,2026-08-08,金沢店,2,挨拶がなく残念でした,5,,1,,,,1,
R00422,2026-08-11,金沢店,5,スタッフの対応がとても丁寧でした,1,床が汚れているのが気になりました,5,,5,,4,
R00423,2026-08-06,金沢店,5,笑顔で挨拶していただき気持ちよかったです,3,清潔さは普通でした,5,駐車場が広くて停めやすかったです,4,案内が早くて助かりました,2,
R00424,2026-08-05,金沢店,4,スタッフの対応がとても丁寧でした,4,,4,,4,,3,可もなく不可もなくという印象です
R00425,2026-08-10,金沢店,5,,2,,4,駐車場が広くて停めやすかったです,3,待ち時間は許容範囲でした,4,また利用したいと思います
R00426,2026-08-04,金沢店,4,,5,,1,,,,1,
R00427,2026-08-17,金沢店,4,,4,,1,,4,待ち時間が少なくスムーズでした,1,価格の割に満足度が低いと感じました
R00428,2026-08-10,金沢店,4,,3,,5,,1,,4,
R00429,2026-08-06,金沢店,4,,4,店内がとても清潔で気持ちよかったです,5,,4,,4,期待以上のサービスでした
R00430,2026-08-14,金沢店,2,,4,,5,設備が新しく快適でした,4,,1,期待外れでした
R00431,2026-07-07,福井店,5,,1,,1,駐車場が狭くて停めにくかったです,4,,1,価格の割に満足度が低いと感じました
R00432,2026-07-21,福井店,4,,5,清掃が行き届いていました,5,設備が新しく快適でした,1,,2,
R00433,2026-07-26,福井店,5,,3,,5,,2,対応が遅く感じました,5,また利用したいと思います
R00434,2026-07-02,福井店,3,,4,,5,,,,4,
R00435,2026-07-11,福井店,4,笑顔で挨拶していただき気持ちよかったです,4,清掃が行き届いていました,5,駐車場が広くて停めやすかったです,4,,4,期待以上のサービスでした
R00436,2026-07-09,福井店,4,,2,床が汚れているのが気になりました,1,駐車場が狭くて停めにくかったです,1,,3,可もなく不可もなくという印象です
R00437,2026-07-01,福井店,5,,3,清潔さは普通でした,5,駐車場が広くて停めやすかったです,5,案内が早くて助かりました,1,
R00438,2026-07-06,福井店,5,,1,トイレの清掃が行き届いていませんでした,4,,2,呼んでもなかなか来てもらえませんでした,,
R00439,2026-07-03,福井店,2,,1,匂いが気になりました,5,,2,,,可もなく不可もなくという印象です
R00440,2026-07-24,福井店,4,,4,店内がとても清潔で気持ちよかったです,5,駐車場が広くて停めやすかったです,,,1,
R00441,2026-07-26,福井店,4,,1,,1,,2,,4,
R00442,2026-07-19,福井店,1,,4,清掃が行き届いていました,5,,3,,3,可もなく不可もなくという印象です
R00443,2026-07-03,福井店,1,挨拶がなく残念でした,2,床が汚れているのが気になりました,3,,2,,4,家族にもすすめたいです
R00444,2026-07-01,福井店,5,,4,,4,,4,待ち時間が少なくスムーズでした,1,
R00445,2026-07-03,福井店,5,,4,清掃が行き届いていました,4,,1,,2,
R00446,2026-07-15,福井店,4,,1,床が汚れているのが気になりました,3,,,待ち時間は許容範囲でした,5,また利用したいと思います
R00447,2026-07-28,福井店,1,スタッフの対応が冷たく感じました,4,,5,駐車場が広くて停めやすかったです,1,,1,
R00448,2026-08-13,福井店,5,,5,店内がとても清潔で気持ちよかったです,5,設備が新しく快適でした,4,,4,
R00449,2026-08-08,福井店,5,,4,,4,,5,,5,
R00450,2026-08-02,福井店,3,,5,店内がとても清潔で気持ちよかったです,5,駐車場が広くて停めやすかったです,2,,4,家族にもすすめたいです
R00451,2026-08-14,福井店,2,,4,,3,,4,,4,家族にもすすめたいです
R00452,2026-08-15,福井店,3,,5,,2,駐車場が狭くて停めにくかったです,4,案内が早くて助かりました,4,
R00453,2026-08-03,福井店,5,,2,床が汚れているのが気になりました,4,,5,案内が早くて助かりました,4,また利用したいと思います
R00454,2026-08-01,福井店,5,,1,床が汚れているのが気になりました,5,駐車場が広くて停めやすかったです,4,,3,可もなく不可もなくという印象です
R00455,2026-08-08,福井店,3,,4,店内がとても清潔で気持ちよかったです,5,,2,待ち時間が長く感じました,5,期待以上のサービスでした
R00456,2026-08-16,福井店,4,,4,,3,設備は必要十分でした,5,案内が早くて助かりました,5,また利用したいと思います
R00457,2026-08-10,福井店,4,笑顔で挨拶していただき気持ちよかったです,5,清掃が行き届いていました,3,設備は必要十分でした,2,,4,
R00458,2026-08-17,福井店,1,,4,清掃が行き届いていました,4,,3,待ち時間は許容範囲でした,1,
R00459,2026-07-02,甲府店,4,質問にすぐ答えてくれて助かりました,4,,5,,2,呼んでもなかなか来てもらえませんでした,4,
R00460,2026-07-21,甲府店,,,5,,4,,3,待ち時間は許容範囲でした,4,
R00461,2026-07-01,甲府店,,,3,,5,設備が新しく快適でした,3,待ち時間は許容範囲でした,1,次は利用しないかもしれません
R00462,2026-07-10,甲府店,,,3,清潔さは普通でした,4,駐車場が広くて停めやすかったです,2,,5,
R00463,2026-07-20,甲府店,2,,5,,5,,5,,5,
R00464,2026-07-31,甲府店,4,,3,,2,,3,待ち時間は許容範囲でした,4,期待以上のサービスでした
R00465,2026-07-12,甲府店,5,スタッフの対応がとても丁寧でした,5,清掃が行き届いていました,2,設備が古く感じました,5,,3,
R00466,2026-07-13,甲府店,4,質問にすぐ答えてくれて助かりました,4,,5,設備が新しく快適でした,1,対応が遅く感じました,3,
R00467,2026-07-22,甲府店,2,,5,,,,2,,2,
R00468,2026-07-03,甲府店,2,,5,,2,設備が古く感じました,3,,3,
R00469,2026-07-14,甲府店,5,,2,,5,,4,待ち時間が少なくスムーズでした,5,
R00470,2026-07-04,甲府店,1,説明が分かりにくかったです,5,清掃が行き届いていました,1,,1,対応が遅く感じました,4,期待以上のサービスでした
R00471,2026-07-18,甲府店,5,スタッフの対応がとても丁寧でした,2,床が汚れているのが気になりました,4,駐車場が広くて停めやすかったです,5,,5,
R00472,2026-07-01,甲府店,4,,5,清掃が行き届いていました,,,5,,1,
R00473,2026-07-16,甲府店,5,,3,清潔さは普通でした,1,駐車場が狭くて停めにくかったです,1,呼んでもなかなか来てもらえませんでした,5,
R00474,2026-07-14,甲府店,,普通の対応でした,1,トイレの清掃が行き届いていませんでした,3,,4,案内が早くて助かりました,5,
R00475,2026-07-18,甲府店,4,スタッフの対応がとても丁寧でした,4,,4,,3,待ち時間は許容範囲でした,3,可もなく不可もなくという印象です
R00476,2026-08-07,甲府店,1,スタッフの対応が冷たく感じました,3,,4,,3,,2,期待外れでした
R00477,2026-08-07,甲府店,5,,2,,4,,3,待ち時間は許容範囲でした,3,
R00478,2026-08-07,甲府店,3,普通の対応でした,3,,4,,5,,5,
R00479,2026-08-08,甲府店,4,,3,清潔さは普通でした,2,,4,,,
R00480,2026-08-05,甲府店,5,,1,トイレの清掃が行き届いていませんでした,2,,5,,1,
R00481,2026-08-15,甲府店,5,,2,匂いが気になりました,4,駐車場が広くて停めやすかったです,2,,5,
R00482,2026-08-02,甲府店,3,,4,店内がとても清潔で気持ちよかったです,3,設備は必要十分でした,5,待ち時間が少なくスムーズでした,1,次は利用しないかもしれません
R00483,2026-08-16,甲府店,4,,4,清掃が行き届いていました,5,設備が新しく快適でした,4,案内が早くて助かりました,2,
R00484,2026-08-14,甲府店,1,,4,店内がとても清潔で気持ちよかったです,3,,4,,2,価格の割に満足度が低いと感じました
R00485,2026-08-14,甲府店,1,,2,,1,,2,,5,
R00486,2026-08-16,甲府店,4,質問にすぐ答えてくれて助かりました,1,匂いが気になりました,2,,4,,2,
R00487,2026-08-16,甲府店,1,,3,,1,,2,待ち時間が長く感じました,4,家族にもすすめたいです
R00488,2026-08-13,甲府店,2,,1,床が汚れているのが気になりました,4,,2,,2,
R00489,2026-08-03,甲府店,5,笑顔で挨拶していただき気持ちよかったです,2,トイレの清掃が行き届いていませんでした,,,5,,3,可もなく不可もなくという印象です
R00490,2026-08-11,甲府店,1,,5,,4,,4,,4,
R00491,2026-08-18,甲府店,3,,3,清潔さは普通でした,4,,5,案内が早くて助かりました,4,
R00492,2026-08-13,甲府店,2,説明が分かりにくかったです,2,床が汚れているのが気になりました,4,設備が新しく快適でした,2,待ち時間が長く感じました,2,
R00493,2026-07-12,長野店,4,,4,清掃が行き届いていました,4,,4,,4,
R00494,2026-07-20,長野店,2,態度が悪いスタッフがいました,4,清掃が行き届いていました,5,,1,,1,
R00495,2026-07-24,長野店,5,,2,,5,,3,,1,
R00496,2026-07-05,長野店,4,笑顔で挨拶していただき気持ちよかったです,4,,2,,3,,5,家族にもすすめたいです
R00497,2026-07-22,長野店,5,,1,,4,駐車場が広くて停めやすかったです,2,呼んでもなかなか来てもらえませんでした,4,
R00498,2026-07-19,長野店,5,,4,店内がとても清潔で気持ちよかったです,5,,2,呼んでもなかなか来てもらえませんでした,1,次は利用しないかもしれません
R00499,2026-07-06,長野店,3,普通の対応でした,4,,5,設備が新しく快適でした,4,待ち時間が少なくスムーズでした,4,
R00500,2026-07-08,長野店,4,質問にすぐ答えてくれて助かりました,4,,1,,2,,4,
R00501,2026-07-22,長野店,3,,5,,2,,3,待ち時間は許容範囲でした,5,
R00502,2026-07-30,長野店,3,,5,,1,,1,呼んでもなかなか来てもらえませんでした,4,期待以上のサービスでした
R00503,2026-07-25,長野店,4,笑顔で挨拶していただき気持ちよかったです,4,,5,,4,案内が早くて助かりました,5,また利用したいと思います
R00504,2026-07-26,長野店,5,,3,清潔さは普通でした,5,,5,,4,
R00505,2026-08-06,長野店,4,,5,,5,,1,,4,
R00506,2026-08-04,長野店,5,,4,,5,駐車場が広くて停めやすかったです,4,,4,また利用したいと思います
R00507,2026-08-10,長野店,1,,5,,5,駐車場が広くて停めやすかったです,1,,5,家族にもすすめたいです
R00508,2026-08-13,長野店,5,,2,,5,,5,,2,
R00509,2026-08-13,長野店,2,態度が悪いスタッフがいました,5,,3,,5,待ち時間が少なくスムーズでした,5,家族にもすすめたいです
R00510,2026-08-02,長野店,4,,4,清掃が行き届いていました,1,,,,5,
R00511,2026-08-07,長野店,5,,3,清潔さは普通でした,2,,4,案内が早くて助かりました,4,
R00512,2026-08-15,長野店,4,,4,,5,設備が新しく快適でした,1,待ち時間が長く感じました,5,
R00513,2026-07-28,岐阜店,4,質問にすぐ答えてくれて助かりました,4,清掃が行き届いていました,5,駐車場が広くて停めやすかったです,3,,1,
R00514,2026-07-16,岐阜店,4,,3,,4,,3,待ち時間は許容範囲でした,4,また利用したいと思います
R00515,2026-07-09,岐阜店,2,,5,,4,,5,待ち時間が少なくスムーズでした,4,
R00516,2026-07-31,岐阜店,2,,2,,3,設備は必要十分でした,2,,3,
R00517,2026-07-24,岐阜店,4,笑顔で挨拶していただき気持ちよかったです,3,清潔さは普通でした,5,,3,,4,家族にもすすめたいです
R00518,2026-07-17,岐阜店,1,スタッフの対応が冷たく感じました,5,,4,,4,,5,家族にもすすめたいです
R00519,2026-07-26,岐阜店,5,,3,,1,空調の効きが悪かったです,1,,4,家族にもすすめたいです
R00520,2026-07-08,岐阜店,4,スタッフの対応がとても丁寧でした,3,,3,,3,,3,可もなく不可もなくという印象です
R00521,2026-07-16,岐阜店,2,,4,清掃が行き届いていました,5,駐車場が広くて停めやすかったです,4,,4,期待以上のサービスでした
R00522,2026-07-19,岐阜店,1,態度が悪いスタッフがいました,4,店内がとても清潔で気持ちよかったです,5,,2,,4,
R00523,2026-07-12,岐阜店,4,,2,床が汚れているのが気になりました,5,設備が新しく快適でした,5,,4,期待以上のサービスでした
R00524,2026-07-22,岐阜店,5,,5,清掃が行き届いていました,5,,3,,1,価格の割に満足度が低いと感じました
R00525,2026-07-28,岐阜店,4,スタッフの対応がとても丁寧でした,5,店内がとても清潔で気持ちよかったです,4,,5,案内が早くて助かりました,3,
R00526,2026-08-08,岐阜店,,,4,,5,,2,,4,
R00527,2026-08-18,岐阜店,5,,5,清掃が行き届いていました,2,駐車場が狭くて停めにくかったです,2,,5,家族にもすすめたいです
R00528,2026-08-12,岐阜店,5,,,,4,設備が新しく快適でした,3,待ち時間は許容範囲でした,5,期待以上のサービスでした
R00529,2026-08-03,岐阜店,4,,5,,1,,,,1,期待外れでした
R00530,2026-08-15,岐阜店,4,,3,清潔さは普通でした,4,設備が新しく快適でした,5,待ち時間が少なくスムーズでした,5,期待以上のサービスでした
R00531,2026-08-07,岐阜店,4,スタッフの対応がとても丁寧でした,4,,5,,2,,3,可もなく不可もなくという印象です
R00532,2026-08-11,岐阜店,1,,3,,1,,2,,4,
R00533,2026-08-11,岐阜店,2,態度が悪いスタッフがいました,5,,3,設備は必要十分でした,4,,4,
R00534,2026-08-13,岐阜店,2,スタッフの対応が冷たく感じました,5,店内がとても清潔で気持ちよかったです,4,駐車場が広くて停めやすかったです,4,待ち時間が少なくスムーズでした,,可もなく不可もなくという印象です
R00535,2026-08-12,岐阜店,2,,1,トイレの清掃が行き届いていませんでした,2,,4,,1,
R00536,2026-08-17,岐阜店,1,挨拶がなく残念でした,5,店内がとても清潔で気持ちよかったです,4,,1,対応が遅く感じました,5,
R00537,2026-08-08,岐阜店,1,挨拶がなく残念でした,2,匂いが気になりました,5,,4,,4,
R00538,2026-08-01,岐阜店,4,,1,トイレの清掃が行き届いていませんでした,5,,2,,4,
R00539,2026-08-07,岐阜店,4,,5,清掃が行き届いていました,3,,,待ち時間は許容範囲でした,1,価格の割に満足度が低いと感じました
R00540,2026-08-14,岐阜店,2,,4,,5,,4,,5,
R00541,2026-08-16,岐阜店,3,特に問題はありませんでした,4,店内がとても清潔で気持ちよかったです,2,設備が古く感じました,5,案内が早くて助かりました,5,期待以上のサービスでした
R00542,2026-07-31,静岡店,4,質問にすぐ答えてくれて助かりました,4,店内がとても清潔で気持ちよかったです,5,,5,待ち時間が少なくスムーズでした,4,期待以上のサービスでした
R00543,2026-07-19,静岡店,4,,2,,1,,3,,1,
R00544,2026-07-19,静岡店,5,質問にすぐ答えてくれて助かりました,4,,4,駐車場が広くて停めやすかったです,3,待ち時間は許容範囲でした,,
R00545,2026-07-02,静岡店,2,,5,店内がとても清潔で気持ちよかったです,4,設備が新しく快適でした,4,待ち時間が少なくスムーズでした,5,
R00546,2026-07-30,静岡店,2,,5,,3,,4,,4,
R00547,2026-07-16,静岡店,5,,4,清掃が行き届いていました,5,設備が新しく快適でした,5,,3,可もなく不可もなくという印象です
R00548,2026-07-19,静岡店,4,,1,,5,,4,待ち時間が少なくスムーズでした,5,また利用したいと思います
R00549,2026-07-15,静岡店,4,スタッフの対応がとても丁寧でした,5,,1,駐車場が狭くて停めにくかったです,5,待ち時間が少なくスムーズでした,5,
R00550,2026-07-15,静岡店,5,スタッフの対応がとても丁寧でした,4,,5,,3,,3,
R00551,2026-07-25,静岡店,5,,5,,3,,5,待ち時間が少なくスムーズでした,3,
R00552,2026-07-08,静岡店,2,態度が悪いスタッフがいました,1,匂いが気になりました,5,,3,,4,
R00553,2026-07-06,静岡店,5,,5,清掃が行き届いていました,4,,5,,3,
R00554,2026-07-29,静岡店,4,,5,,3,設備は必要十分でした,4,待ち時間が少なくスムーズでした,3,可もなく不可もなくという印象です
R00555,2026-07-19,静岡店,3,特に問題はありませんでした,5,,5,駐車場が広くて停めやすかったです,5,,4,期待以上のサービスでした
R00556,2026-07-17,静岡店,3,特に問題はありませんでした,5,,,設備は必要十分でした,4,,5,
R00557,2026-07-18,静岡店,4,,3,清潔さは普通でした,5,設備が新しく快適でした,4,待ち時間が少なくスムーズでした,4,期待以上のサービスでした
R00558,2026-07-26,静岡店,5,,2,,5,,,待ち時間は許容範囲でした,5,期待以上のサービスでした
R00559,2026-08-10,静岡店,4,,5,,4,設備が新しく快適でした,4,,3,可もなく不可もなくという印象です
R00560,2026-08-01,静岡店,3,普通の対応でした,4,,5,,4,,5,また利用したいと思います
R00561,2026-08-10,静岡店,5,笑顔で挨拶していただき気持ちよかったです,4,,2,駐車場が狭くて停めにくかったです,5,,4,
R00562,2026-08-12,静岡店,4,笑顔で挨拶していただき気持ちよかったです,4,店内がとても清潔で気持ちよかったです,,,4,,5,
R00563,2026-08-13,静岡店,5,,5,,3,,4,,4,
R00564,2026-08-09,静岡店,4,,5,,4,,5,,5,期待以上のサービスでした
R00565,2026-08-07,静岡店,3,,4,,4,,5,,2,
R00566,2026-08-14,静岡店,3,,5,,5,,,,5,家族にもすすめたいです
R00567,2026-08-13,静岡店,4,,2,匂いが気になりました,5,,5,待ち時間が少なくスムーズでした,5,また利用したいと思います
R00568,2026-08-01,静岡店,4,,4,,4,,3,,5,また利用したいと思います
R00569,2026-08-05,静岡店,2,,5,,4,,5,,4,
R00570,2026-07-31,名古屋店,5,質問にすぐ答えてくれて助かりました,,清潔さは普通でした,4,,3,待ち時間は許容範囲でした,4,また利用したいと思います
R00571,2026-07-18,名古屋店,4,,1,,5,設備が新しく快適でした,3,,5,家族にもすすめたいです
R00572,2026-07-10,名古屋店,3,,3,清潔さは普通でした,5,,3,,4,
R00573,2026-07-10,名古屋店,4,,4,,3,,4,,4,
R00574,2026-07-15,名古屋店,5,,4,清掃が行き届いていました,5,,4,,5,期待以上のサービスでした
R00575,2026-07-03,名古屋店,3,特に問題はありませんでした,,,5,,4,,4,期待以上のサービスでした
R00576,2026-07-11,名古屋店,4,スタッフの対応がとても丁寧でした,5,,5,,5,,5,
R00577,2026-07-10,名古屋店,5,,4,,5,駐車場が広くて停めやすかったです,2,待ち時間が長く感じました,3,
R00578,2026-07-13,名古屋店,3,,,清潔さは普通でした,2,,4,,2,
R00579,2026-07-20,名古屋店,3,,4,,4,駐車場が広くて停めやすかったです,4,,4,
R00580,2026-07-11,名古屋店,5,,4,,5,,5,待ち時間が少なくスムーズでした,3,可もなく不可もなくという印象です
R00581,2026-07-09,名古屋店,4,,,,3,,3,,3,可もなく不可もなくという印象です
R00582,2026-07-03,名古屋店,5,,4,店内がとても清潔で気持ちよかったです,3,設備は必要十分でした,3,,4,
R00583,2026-07-23,名古屋店,5,,5,清掃が行き届いていました,5,駐車場が広くて停めやすかったです,3,待ち時間は許容範囲でした,3,可もなく不可もなくという印象です
R00584,2026-07-17,名古屋店,4,,5,,4,,5,待ち時間が少なくスムーズでした,4,家族にもすすめたいです
R00585,2026-07-24,名古屋店,4,スタッフの対応がとても丁寧でした,4,,5,駐車場が広くて停めやすかったです,3,待ち時間は許容範囲でした,3,可もなく不可もなくという印象です
R00586,2026-08-03,名古屋店,5,,4,,4,,4,,3,
R00587,2026-08-07,名古屋店,5,質問にすぐ答えてくれて助かりました,4,,4,,2,,3,可もなく不可もなくという印象です
R00588,2026-08-18,名古屋店,5,,5,清掃が行き届いていました,1,設備が古く感じました,4,,4,期待以上のサービスでした
R00589,2026-08-01,名古屋店,4,質問にすぐ答えてくれて助かりました,1,,4,,4,,3,可もなく不可もなくという印象です
R00590,2026-08-03,名古屋店,5,,2,トイレの清掃が行き届いていませんでした,1,,3,,4,
R00591,2026-08-17,名古屋店,4,,5,店内がとても清潔で気持ちよかったです,2,,4,,4,
R00592,2026-08-15,名古屋店,5,,4,清掃が行き届いていました,5,設備が新しく快適でした,4,案内が早くて助かりました,4,
R00593,2026-08-10,名古屋店,4,,1,,5,,4,案内が早くて助かりました,3,
R00594,2026-08-18,名古屋店,3,,5,店内がとても清潔で気持ちよかったです,3,,4,,4,
R00595,2026-08-07,名古屋店,5,質問にすぐ答えてくれて助かりました,1,床が汚れているのが気になりました,3,設備は必要十分でした,4,待ち時間が少なくスムーズでした,5,
R00596,2026-08-06,名古屋店,4,,,,3,設備は必要十分でした,4,案内が早くて助かりました,4,期待以上のサービスでした
R00597,2026-08-08,名古屋店,4,スタッフの対応がとても丁寧でした,5,,5,,5,案内が早くて助かりました,5,また利用したいと思います
R00598,2026-07-03,津店,4,,3,,5,設備が新しく快適でした,3,,5,期待以上のサービスでした
R00599,2026-07-18,津店,4,質問にすぐ答えてくれて助かりました,1,,4,駐車場が広くて停めやすかったです,4,待ち時間が少なくスムーズでした,2,
R00600,2026-07-01,津店,4,,4,,5,,4,,2,期待外れでした
R00601,2026-07-05,津店,3,,2,床が汚れているのが気になりました,4,,4,待ち時間が少なくスムーズでした,1,
R00602,2026-07-13,津店,4,質問にすぐ答えてくれて助かりました,3,,3,設備は必要十分でした,5,案内が早くて助かりました,4,
R00603,2026-07-05,津店,1,挨拶がなく残念でした,1,,5,設備が新しく快適でした,5,,2,価格の割に満足度が低いと感じました
R00604,2026-07-11,津店,3,特に問題はありませんでした,4,清掃が行き届いていました,4,設備が新しく快適でした,5,待ち時間が少なくスムーズでした,4,また利用したいと思います
R00605,2026-07-09,津店,1,,4,,3,設備は必要十分でした,5,,5,
R00606,2026-08-05,津店,5,,3,,4,設備が新しく快適でした,4,案内が早くて助かりました,3,
R00607,2026-08-02,津店,5,,5,,4,,2,,3,
R00608,2026-08-18,津店,5,,5,,3,設備は必要十分でした,4,,1,期待外れでした
R00609,2026-08-07,津店,4,笑顔で挨拶していただき気持ちよかったです,,,4,設備が新しく快適でした,2,対応が遅く感じました,4,期待以上のサービスでした
R00610,2026-08-07,津店,3,,3,,5,駐車場が広くて停めやすかったです,1,対応が遅く感じました,4,また利用したいと思います
R00611,2026-08-15,津店,2,,5,,,,4,,1,
R00612,2026-08-11,津店,4,,2,,4,,2,対応が遅く感じました,3,
R00613,2026-08-06,津店,4,スタッフの対応がとても丁寧でした,4,店内がとても清潔で気持ちよかったです,4,,4,,5,
R00614,2026-08-12,津店,5,,2,,3,設備は必要十分でした,,,5,家族にもすすめたいです
R00615,2026-08-05,津店,4,,4,,1,,4,,,
R00616,2026-08-10,津店,4,,4,清掃が行き届いていました,3,設備は必要十分でした,4,,5,
R00617,2026-07-18,大津店,4,スタッフの対応がとても丁寧でした,3,,1,,3,待ち時間は許容範囲でした,5,また利用したいと思います
R00618,2026-07-22,大津店,2,,4,清掃が行き届いていました,1,駐車場が狭くて停めにくかったです,2,,5,期待以上のサービスでした
R00619,2026-07-23,大津店,5,笑顔で挨拶していただき気持ちよかったです,4,店内がとても清潔で気持ちよかったです,3,設備は必要十分でした,3,,2,価格の割に満足度が低いと感じました
R00620,2026-07-19,大津店,5,スタッフの対応がとても丁寧でした,4,,2,,5,待ち時間が少なくスムーズでした,5,
R00621,2026-07-01,大津店,5,スタッフの対応がとても丁寧でした,3,,5,駐車場が広くて停めやすかったです,1,対応が遅く感じました,1,次は利用しないかもしれません
R00622,2026-07-05,大津店,,普通の対応でした,3,,5,,2,呼んでもなかなか来てもらえませんでした,5,
R00623,2026-07-02,大津店,2,,3,,2,駐車場が狭くて停めにくかったです,3,待ち時間は許容範囲でした,5,
R00624,2026-07-29,大津店,5,スタッフの対応がとても丁寧でした,3,,5,,1,,5,また利用したいと思います
R00625,2026-08-17,大津店,2,説明が分かりにくかったです,3,,5,,,,3,可もなく不可もなくという印象です
R00626,2026-08-06,大津店,3,特に問題はありませんでした,3,清潔さは普通でした,2,,5,待ち時間が少なくスムーズでした,2,
R00627,2026-08-14,大津店,5,笑顔で挨拶していただき気持ちよかったです,5,店内がとても清潔で気持ちよかったです,4,,4,,5,
R00628,2026-08-01,大津店,5,,4,,1,,5,待ち時間が少なくスムーズでした,2,
R00629,2026-08-17,大津店,4,,2,,1,空調の効きが悪かったです,4,,3,可もなく不可もなくという印象です
R00630,2026-08-14,大津店,3,,4,店内がとても清潔で気持ちよかったです,3,,5,,5,
R00631,2026-08-13,大津店,1,スタッフの対応が冷たく感じました,1,,3,,4,,5,
R00632,2026-08-16,大津店,5,,4,清掃が行き届いていました,5,,1,,1,期待外れでした
R00633,2026-08-11,大津店,3,普通の対応でした,3,,4,,1,待ち時間が長く感じました,5,
R00634,2026-08-18,大津店,5,,2,,5,駐車場が広くて停めやすかったです,2,待ち時間が長く感じました,,可もなく不可もなくという印象です
R00635,2026-08-14,大津店,4,質問にすぐ答えてくれて助かりました,4,清掃が行き届いていました,5,,4,待ち時間が少なくスムーズでした,5,期待以上のサービスでした
R00636,2026-08-18,大津店,4,,4,店内がとても清潔で気持ちよかったです,4,,3,,2,
R00637,2026-08-17,大津店,4,,2,,4,駐車場が広くて停めやすかったです,1,待ち時間が長く感じました,5,
R00638,2026-07-05,京都店,5,スタッフの対応がとても丁寧でした,4,清掃が行き届いていました,2,,3,,1,次は利用しないかもしれません
R00639,2026-07-02,京都店,1,スタッフの対応が冷たく感じました,2,,2,設備が古く感じました,5,待ち時間が少なくスムーズでした,,
R00640,2026-07-28,京都店,5,,,清潔さは普通でした,1,設備が古く感じました,1,対応が遅く感じました,2,
R00641,2026-07-02,京都店,5,笑顔で挨拶していただき気持ちよかったです,4,店内がとても清潔で気持ちよかったです,5,,2,呼んでもなかなか来てもらえませんでした,2,
R00642,2026-07-14,京都店,5,,5,,1,,4,,5,
R00643,2026-07-19,京都店,3,特に問題はありませんでした,5,,1,,3,,5,
R00644,2026-07-05,京都店,4,,3,,4,,5,,1,
R00645,2026-07-09,京都店,3,,4,,5,駐車場が広くて停めやすかったです,4,待ち時間が少なくスムーズでした,4,
R00646,2026-07-26,京都店,4,,2,床が汚れているのが気になりました,5,,3,待ち時間は許容範囲でした,,可もなく不可もなくという印象です
R00647,2026-07-21,京都店,4,質問にすぐ答えてくれて助かりました,4,,2,空調の効きが悪かったです,3,,5,
R00648,2026-07-29,京都店,1,スタッフの対応が冷たく感じました,1,,5,設備が新しく快適でした,1,待ち時間が長く感じました,5,
R00649,2026-07-19,京都店,3,普通の対応でした,1,床が汚れているのが気になりました,4,,5,,1,
R00650,2026-07-15,京都店,2,挨拶がなく残念でした,5,店内がとても清潔で気持ちよかったです,2,,1,,1,価格の割に満足度が低いと感じました
R00651,2026-07-20,京都店,1,,1,,4,,1,,2,
R00652,2026-08-09,京都店,,特に問題はありませんでした,5,,5,設備が新しく快適でした,3,待ち時間は許容範囲でした,,可もなく不可もなくという印象です
R00653,2026-08-07,京都店,2,挨拶がなく残念でした,,,4,,,,3,
R00654,2026-08-08,京都店,5,,,,3,設備は必要十分でした,3,待ち時間は許容範囲でした,5,
R00655,2026-08-18,京都店,5,,2,,5,,2,,,
R00656,2026-08-18,京都店,3,普通の対応でした,4,,1,,1,,,
R00657,2026-08-09,京都店,5,,4,,3,設備は必要十分でした,2,待ち時間が長く感じました,4,家族にもすすめたいです
R00658,2026-08-11,京都店,1,,4,,5,,3,,1,
R00659,2026-08-09,京都店,3,普通の対応でした,5,,,,4,,5,期待以上のサービスでした
R00660,2026-08-09,京都店,4,,5,清掃が行き届いていました,3,,3,待ち時間は許容範囲でした,5,期待以上のサービスでした
R00661,2026-08-12,京都店,4,スタッフの対応がとても丁寧でした,4,,5,,2,対応が遅く感じました,5,
R00662,2026-08-16,京都店,3,,2,,1,駐車場が狭くて停めにくかったです,3,,1,
R00663,2026-08-05,京都店,4,質問にすぐ答えてくれて助かりました,5,,4,駐車場が広くて停めやすかったです,5,待ち時間が少なくスムーズでした,3,可もなく不可もなくという印象です
R00664,2026-08-14,京都店,1,スタッフの対応が冷たく感じました,4,店内がとても清潔で気持ちよかったです,5,駐車場が広くて停めやすかったです,5,,2,
R00665,2026-08-12,京都店,4,スタッフの対応がとても丁寧でした,3,,5,,4,待ち時間が少なくスムーズでした,5,
R00666,2026-08-15,京都店,1,,4,,5,,1,,3,可もなく不可もなくという印象です
R00667,2026-08-03,京都店,2,,2,,4,,4,,,
R00668,2026-08-02,京都店,,,4,店内がとても清潔で気持ちよかったです,5,,4,,1,
R00669,2026-07-27,大阪店,4,,4,,4,,4,,3,可もなく不可もなくという印象です
R00670,2026-07-30,大阪店,4,笑顔で挨拶していただき気持ちよかったです,3,清潔さは普通でした,1,設備が古く感じました,5,待ち時間が少なくスムーズでした,,
R00671,2026-07-03,大阪店,4,質問にすぐ答えてくれて助かりました,2,,4,,1,対応が遅く感じました,5,家族にもすすめたいです
R00672,2026-07-23,大阪店,4,,4,,4,設備が新しく快適でした,5,,4,
R00673,2026-07-06,大阪店,5,,5,清掃が行き届いていました,5,設備が新しく快適でした,1,,4,
R00674,2026-07-07,大阪店,5,,5,,5,,,待ち時間は許容範囲でした,5,家族にもすすめたいです
R00675,2026-07-15,大阪店,5,笑顔で挨拶していただき気持ちよかったです,4,清掃が行き届いていました,4,設備が新しく快適でした,4,,5,
R00676,2026-07-19,大阪店,3,特に問題はありませんでした,,清潔さは普通でした,5,設備が新しく快適でした,4,,5,期待以上のサービスでした
R00677,2026-07-26,大阪店,2,,3,,5,設備が新しく快適でした,4,案内が早くて助かりました,4,家族にもすすめたいです
R00678,2026-07-25,大阪店,4,笑顔で挨拶していただき気持ちよかったです,4,店内がとても清潔で気持ちよかったです,5,,2,,3,
R00679,2026-07-23,大阪店,5,,5,,5,,5,,3,
R00680,2026-07-13,大阪店,5,笑顔で挨拶していただき気持ちよかったです,4,,4,,,待ち時間は許容範囲でした,4,
R00681,2026-07-11,大阪店,3,普通の対応でした,5,清掃が行き届いていました,5,設備が新しく快適でした,5,,5,
R00682,2026-07-16,大阪店,4,,5,店内がとても清潔で気持ちよかったです,5,,4,案内が早くて助かりました,5,家族にもすすめたいです
R00683,2026-07-16,大阪店,5,,4,,4,,5,案内が早くて助かりました,5,また利用したいと思います
R00684,2026-07-21,大阪店,4,,5,,4,駐車場が広くて停めやすかったです,5,待ち時間が少なくスムーズでした,4,
R00685,2026-08-16,大阪店,3,,5,,4,,4,案内が早くて助かりました,5,
R00686,2026-08-05,大阪店,4,,4,,5,駐車場が広くて停めやすかったです,3,,3,
R00687,2026-08-06,大阪店,4,スタッフの対応がとても丁寧でした,5,,5,設備が新しく快適でした,5,,4,
R00688,2026-08-04,大阪店,4,,4,,4,,2,呼んでもなかなか来てもらえませんでした,4,
R00689,2026-08-04,大阪店,5,スタッフの対応がとても丁寧でした,4,店内がとても清潔で気持ちよかったです,5,,,,5,
R00690,2026-08-06,大阪店,4,,5,,5,,2,,5,
R00691,2026-08-17,大阪店,4,,3,,4,,5,待ち時間が少なくスムーズでした,4,家族にもすすめたいです
R00692,2026-08-10,大阪店,3,,5,店内がとても清潔で気持ちよかったです,5,,,,2,
R00693,2026-08-10,大阪店,5,,,清潔さは普通でした,3,設備は必要十分でした,5,待ち時間が少なくスムーズでした,2,期待外れでした
R00694,2026-08-06,大阪店,,普通の対応でした,4,店内がとても清潔で気持ちよかったです,4,,5,,4,
R00695,2026-08-17,大阪店,4,笑顔で挨拶していただき気持ちよかったです,4,清掃が行き届いていました,3,設備は必要十分でした,4,,5,家族にもすすめたいです
R00696,2026-08-05,大阪店,5,笑顔で挨拶していただき気持ちよかったです,5,,5,,4,,4,また利用したいと思います
R00697,2026-08-07,大阪店,4,,4,,4,設備が新しく快適でした,4,,1,
R00698,2026-08-17,大阪店,5,,,清潔さは普通でした,2,,4,,5,
R00699,2026-07-19,神戸店,5,,1,,1,,4,,5,
R00700,2026-07-03,神戸店,4,質問にすぐ答えてくれて助かりました,5,,3,,4,,4,
R00701,2026-07-12,神戸店,5,,2,匂いが気になりました,4,,2,,4,また利用したいと思います
R00702,2026-07-19,神戸店,5,,4,店内がとても清潔で気持ちよかったです,4,駐車場が広くて停めやすかったです,4,,2,
R00703,2026-07-08,神戸店,3,,5,,3,,4,待ち時間が少なくスムーズでした,4,家族にもすすめたいです
R00704,2026-07-31,神戸店,2,,4,,1,,4,,,
R00705,2026-07-11,神戸店,5,笑顔で挨拶していただき気持ちよかったです,1,,3,設備は必要十分でした,5,,5,また利用したいと思います
R00706,2026-07-17,神戸店,1,,5,,3,,5,,3,可もなく不可もなくという印象です
R00707,2026-07-16,神戸店,5,スタッフの対応がとても丁寧でした,4,,4,,3,,5,
R00708,2026-07-20,神戸店,5,,3,清潔さは普通でした,2,,4,,5,期待以上のサービスでした
R00709,2026-07-03,神戸店,4,,4,,4,設備が新しく快適でした,5,待ち時間が少なくスムーズでした,4,
R00710,2026-07-23,神戸店,4,,4,店内がとても清潔で気持ちよかったです,1,,1,待ち時間が長く感じました,2,
R00711,2026-07-21,神戸店,5,,1,,2,設備が古く感じました,3,待ち時間は許容範囲でした,3,
R00712,2026-08-15,神戸店,4,,5,店内がとても清潔で気持ちよかったです,4,,2,,5,
R00713,2026-08-07,神戸店,5,,5,清掃が行き届いていました,5,,3,,4,
R00714,2026-08-18,神戸店,1,説明が分かりにくかったです,1,,5,,4,,5,
R00715,2026-08-06,神戸店,4,スタッフの対応がとても丁寧でした,4,清掃が行き届いていました,2,,4,待ち時間が少なくスムーズでした,4,
R00716,2026-08-13,神戸店,3,,4,,4,,1,,2,
R00717,2026-08-18,神戸店,5,スタッフの対応がとても丁寧でした,,,4,設備が新しく快適でした,2,対応が遅く感じました,2,価格の割に満足度が低いと感じました
R00718,2026-08-08,神戸店,5,,4,,1,,2,,1,次は利用しないかもしれません
R00719,2026-08-07,神戸店,4,スタッフの対応がとても丁寧でした,3,,1,設備が古く感じました,4,,4,期待以上のサービスでした
R00720,2026-08-17,神戸店,4,笑顔で挨拶していただき気持ちよかったです,5,清掃が行き届いていました,5,,4,,2,
R00721,2026-08-04,神戸店,5,,5,,5,,3,,1,期待外れでした
R00722,2026-08-13,神戸店,1,,4,店内がとても清潔で気持ちよかったです,4,,2,,2,期待外れでした
R00723,2026-08-03,神戸店,4,笑顔で挨拶していただき気持ちよかったです,1,床が汚れているのが気になりました,5,設備が新しく快適でした,5,,4,また利用したいと思います
R00724,2026-08-10,神戸店,1,,3,,3,,2,対応が遅く感じました,,
R00725,2026-08-11,神戸店,3,,3,清潔さは普通でした,3,,5,案内が早くて助かりました,3,
R00726,2026-08-12,神戸店,3,,5,,5,駐車場が広くて停めやすかったです,1,,5,
R00727,2026-08-09,神戸店,2,,1,,2,,1,,4,
R00728,2026-07-08,奈良店,2,,5,,2,,5,,4,期待以上のサービスでした
R00729,2026-07-13,奈良店,2,,3,,3,設備は必要十分でした,5,待ち時間が少なくスムーズでした,4,
R00730,2026-07-01,奈良店,2,,,,5,設備が新しく快適でした,5,,4,
R00731,2026-07-07,奈良店,4,,1,,4,,1,待ち時間が長く感じました,3,
R00732,2026-07-08,奈良店,,,4,,5,駐車場が広くて停めやすかったです,4,,5,
R00733,2026-07-03,奈良店,3,,2,トイレの清掃が行き届いていませんでした,4,,1,対応が遅く感じました,3,
R00734,2026-07-22,奈良店,5,,,,3,,4,案内が早くて助かりました,4,
R00735,2026-07-29,奈良店,5,,4,,1,,5,,2,次は利用しないかもしれません
R00736,2026-07-06,奈良店,5,,5,店内がとても清潔で気持ちよかったです,5,,3,,3,
R00737,2026-07-17,奈良店,3,,5,,1,,4,,5,家族にもすすめたいです
R00738,2026-07-12,奈良店,,,5,,4,,3,,4,家族にもすすめたいです
R00739,2026-07-28,奈良店,3,普通の対応でした,3,,2,,5,案内が早くて助かりました,5,また利用したいと思います
R00740,2026-07-24,奈良店,5,,5,,1,,5,,5,
R00741,2026-07-10,奈良店,4,,5,,4,駐車場が広くて停めやすかったです,4,,4,
R00742,2026-07-25,奈良店,4,,5,,4,,1,,4,期待以上のサービスでした
R00743,2026-08-01,奈良店,1,,2,,4,,4,,4,家族にもすすめたいです
R00744,2026-08-05,奈良店,4,,1,,3,,1,,4,
R00745,2026-08-04,奈良店,5,スタッフの対応がとても丁寧でした,4,,,設備は必要十分でした,2,,4,また利用したいと思います
R00746,2026-08-17,奈良店,5,,4,,4,,4,,1,期待外れでした
R00747,2026-08-05,奈良店,3,,2,,5,設備が新しく快適でした,5,案内が早くて助かりました,2,
R00748,2026-08-02,奈良店,5,質問にすぐ答えてくれて助かりました,3,,4,駐車場が広くて停めやすかったです,4,,2,
R00749,2026-08-16,奈良店,4,,5,,5,,4,,1,
R00750,2026-08-01,奈良店,5,スタッフの対応がとても丁寧でした,4,,5,駐車場が広くて停めやすかったです,4,,5,また利用したいと思います
R00751,2026-08-06,奈良店,3,,2,床が汚れているのが気になりました,4,,3,待ち時間は許容範囲でした,4,
R00752,2026-07-20,和歌山店,5,,3,,5,,4,案内が早くて助かりました,5,期待以上のサービスでした
R00753,2026-07-25,和歌山店,5,,4,,5,,4,,5,
R00754,2026-07-19,和歌山店,3,普通の対応でした,3,,5,,4,,5,
R00755,2026-07-18,和歌山店,4,スタッフの対応がとても丁寧でした,5,,5,,5,案内が早くて助かりました,4,
R00756,2026-07-10,和歌山店,3,,,,3,設備は必要十分でした,5,,4,期待以上のサービスでした
R00757,2026-07-28,和歌山店,3,,5,清掃が行き届いていました,5,,5,待ち時間が少なくスムーズでした,5,
R00758,2026-07-16,和歌山店,1,態度が悪いスタッフがいました,,,5,駐車場が広くて停めやすかったです,1,,4,
R00759,2026-07-16,和歌山店,5,,4,店内がとても清潔で気持ちよかったです,3,,4,,3,
R00760,2026-07-16,和歌山店,5,,4,,5,,4,案内が早くて助かりました,3,
R00761,2026-07-15,和歌山店,3,,4,店内がとても清潔で気持ちよかったです,4,,4,待ち時間が少なくスムーズでした,3,可もなく不可もなくという印象です
R00762,2026-07-17,和歌山店,5,,1,トイレの清掃が行き届いていませんでした,4,,5,案内が早くて助かりました,5,期待以上のサービスでした
R00763,2026-07-09,和歌山店,5,質問にすぐ答えてくれて助かりました,,,4,設備が新しく快適でした,5,案内が早くて助かりました,4,
R00764,2026-07-31,和歌山店,5,,4,,4,,5,,4,
R00765,2026-07-29,和歌山店,3,特に問題はありませんでした,1,トイレの清掃が行き届いていませんでした,5,設備が新しく快適でした,1,呼んでもなかなか来てもらえませんでした,4,また利用したいと思います
R00766,2026-07-05,和歌山店,5,,4,,4,駐車場が広くて停めやすかったです,5,案内が早くて助かりました,4,
R00767,2026-07-23,和歌山店,4,スタッフの対応がとても丁寧でした,4,,5,設備が新しく快適でした,5,案内が早くて助かりました,5,
R00768,2026-07-08,和歌山店,4,,5,,4,駐車場が広くて停めやすかったです,5,案内が早くて助かりました,5,また利用したいと思います
R00769,2026-08-05,和歌山店,5,質問にすぐ答えてくれて助かりました,3,,5,,5,,,
R00770,2026-08-08,和歌山店,5,笑顔で挨拶していただき気持ちよかったです,4,,5,,4,,4,
R00771,2026-08-09,和歌山店,4,,5,,5,設備が新しく快適でした,5,,,
R00772,2026-08-18,和歌山店,4,,4,店内がとても清潔で気持ちよかったです,4,,4,,5,期待以上のサービスでした
R00773,2026-08-05,和歌山店,5,,4,,5,,4,待ち時間が少なくスムーズでした,5,
R00774,2026-08-07,和歌山店,4,,1,床が汚れているのが気になりました,5,駐車場が広くて停めやすかったです,1,,1,期待外れでした
R00775,2026-08-01,和歌山店,4,,1,床が汚れているのが気になりました,4,,5,待ち時間が少なくスムーズでした,4,
R00776,2026-08-09,和歌山店,2,,3,清潔さは普通でした,5,,1,,5,
R00777,2026-08-17,和歌山店,4,,3,,4,,4,,3,可もなく不可もなくという印象です
R00778,2026-08-16,和歌山店,5,質問にすぐ答えてくれて助かりました,4,,4,駐車場が広くて停めやすかったです,4,待ち時間が少なくスムーズでした,1,
R00779,2026-08-07,和歌山店,4,笑顔で挨拶していただき気持ちよかったです,3,清潔さは普通でした,4,,2,,2,期待外れでした
R00780,2026-07-16,岡山店,1,,1,,4,駐車場が広くて停めやすかったです,4,,2,
R00781,2026-07-09,岡山店,5,,5,,1,空調の効きが悪かったです,4,,4,
R00782,2026-07-06,岡山店,4,,1,,4,設備が新しく快適でした,5,,1,
R00783,2026-07-05,岡山店,1,,1,,4,駐車場が広くて停めやすかったです,3,,2,
R00784,2026-07-24,岡山店,5,,1,,4,,4,,1,
R00785,2026-07-24,岡山店,3,,5,,1,設備が古く感じました,3,,1,価格の割に満足度が低いと感じました
R00786,2026-07-02,岡山店,3,,2,,3,設備は必要十分でした,5,待ち時間が少なくスムーズでした,5,期待以上のサービスでした
R00787,2026-07-30,岡山店,2,,5,,4,,4,,5,期待以上のサービスでした
R00788,2026-07-15,岡山店,2,スタッフの対応が冷たく感じました,2,匂いが気になりました,5,,1,待ち時間が長く感じました,4,
R00789,2026-07-27,岡山店,4,,3,,4,,3,待ち時間は許容範囲でした,2,
R00790,2026-07-27,岡山店,4,,1,,5,,5,待ち時間が少なくスムーズでした,2,次は利用しないかもしれません
R00791,2026-07-04,岡山店,5,,1,床が汚れているのが気になりました,2,,1,,4,家族にもすすめたいです
R00792,2026-07-25,岡山店,3,,3,,4,,4,,5,家族にもすすめたいです
R00793,2026-07-31,岡山店,1,,1,,5,,2,,,
R00794,2026-08-10,岡山店,,,1,,4,,4,,1,
R00795,2026-08-13,岡山店,4,笑顔で挨拶していただき気持ちよかったです,3,清潔さは普通でした,1,,2,,4,
R00796,2026-08-11,岡山店,4,,5,,2,空調の効きが悪かったです,1,,2,期待外れでした
R00797,2026-08-02,岡山店,2,説明が分かりにくかったです,1,,2,駐車場が狭くて停めにくかったです,5,,4,
R00798,2026-08-16,岡山店,1,挨拶がなく残念でした,4,清掃が行き届いていました,3,,3,,,
R00799,2026-08-01,岡山店,1,スタッフの対応が冷たく感じました,1,床が汚れているのが気になりました,4,,5,,4,
R00800,2026-08-03,岡山店,1,,3,,4,駐車場が広くて停めやすかったです,5,案内が早くて助かりました,5,
R00801,2026-08-12,岡山店,5,,5,,5,設備が新しく快適でした,4,,2,次は利用しないかもしれません
R00802,2026-08-17,岡山店,5,,4,,1,設備が古く感じました,1,,5,
R00803,2026-08-06,岡山店,4,,1,床が汚れているのが気になりました,4,,5,,5,
R00804,2026-08-04,岡山店,3,,2,匂いが気になりました,5,,4,,4,
R00805,2026-07-27,広島店,5,スタッフの対応がとても丁寧でした,1,,5,,2,待ち時間が長く感じました,4,
R00806,2026-07-07,広島店,1,,3,,4,,4,待ち時間が少なくスムーズでした,4,
R00807,2026-07-10,広島店,5,,5,,2,,4,,5,また利用したいと思います
R00808,2026-07-28,広島店,4,,2,,5,設備が新しく快適でした,5,,,可もなく不可もなくという印象です
R00809,2026-07-02,広島店,4,,3,,3,設備は必要十分でした,4,案内が早くて助かりました,5,また利用したいと思います
R00810,2026-07-26,広島店,4,質問にすぐ答えてくれて助かりました,5,清掃が行き届いていました,5,駐車場が広くて停めやすかったです,1,,5,また利用したいと思います
R00811,2026-07-24,広島店,5,,4,,5,,5,,4,期待以上のサービスでした
R00812,2026-07-12,広島店,1,説明が分かりにくかったです,4,,5,,4,,5,また利用したいと思います
R00813,2026-07-24,広島店,,,4,,4,設備が新しく快適でした,4,,1,価格の割に満足度が低いと感じました
R00814,2026-07-24,広島店,2,説明が分かりにくかったです,4,店内がとても清潔で気持ちよかったです,5,,4,,5,
R00815,2026-07-15,広島店,4,,5,,4,,5,案内が早くて助かりました,5,
R00816,2026-07-08,広島店,5,,,清潔さは普通でした,4,,1,,5,
R00817,2026-07-02,広島店,4,笑顔で挨拶していただき気持ちよかったです,4,,5,,4,待ち時間が少なくスムーズでした,4,
R00818,2026-08-01,広島店,3,,5,,5,設備が新しく快適でした,4,,3,
R00819,2026-08-18,広島店,1,,5,,5,,4,,,
R00820,2026-08-01,広島店,4,スタッフの対応がとても丁寧でした,5,清掃が行き届いていました,4,設備が新しく快適でした,2,,4,
R00821,2026-08-05,広島店,4,,3,,4,駐車場が広くて停めやすかったです,5,案内が早くて助かりました,5,期待以上のサービスでした
R00822,2026-08-12,広島店,4,質問にすぐ答えてくれて助かりました,3,,4,設備が新しく快適でした,3,,5,
R00823,2026-08-09,広島店,5,,5,清掃が行き届いていました,3,,4,,4,
R00824,2026-08-13,広島店,4,,4,清掃が行き届いていました,4,設備が新しく快適でした,4,待ち時間が少なくスムーズでした,5,
R00825,2026-08-15,広島店,3,,4,,5,駐車場が広くて停めやすかったです,5,,2,
R00826,2026-08-17,広島店,4,,3,,2,,5,待ち時間が少なくスムーズでした,5,また利用したいと思います
R00827,2026-08-15,広島店,5,,5,,4,駐車場が広くて停めやすかったです,5,,4,家族にもすすめたいです
R00828,2026-08-16,広島店,4,,4,店内がとても清潔で気持ちよかったです,5,設備が新しく快適でした,3,,4,また利用したいと思います
R00829,2026-08-06,広島店,5,,4,,5,,5,,3,可もなく不可もなくという印象です
R00830,2026-08-12,広島店,5,,4,清掃が行き届いていました,5,,5,,1,期待外れでした
R00831,2026-08-02,広島店,,普通の対応でした,,,5,駐車場が広くて停めやすかったです,4,待ち時間が少なくスムーズでした,5,
R00832,2026-07-21,高松店,5,,2,床が汚れているのが気になりました,3,設備は必要十分でした,4,,3,可もなく不可もなくという印象です
R00833,2026-07-21,高松店,1,説明が分かりにくかったです,3,清潔さは普通でした,4,,4,,1,次は利用しないかもしれません
R00834,2026-07-11,高松店,3,,3,清潔さは普通でした,4,駐車場が広くて停めやすかったです,,,2,
R00835,2026-07-18,高松店,4,,,,5,,1,呼んでもなかなか来てもらえませんでした,1,次は利用しないかもしれません
R00836,2026-07-12,高松店,2,,4,,5,,5,,1,価格の割に満足度が低いと感じました
R00837,2026-07-21,高松店,5,質問にすぐ答えてくれて助かりました,2,床が汚れているのが気になりました,3,,4,,1,価格の割に満足度が低いと感じました
R00838,2026-07-16,高松店,4,笑顔で挨拶していただき気持ちよかったです,1,匂いが気になりました,2,,4,待ち時間が少なくスムーズでした,4,
R00839,2026-07-10,高松店,4,スタッフの対応がとても丁寧でした,2,床が汚れているのが気になりました,5,,4,,2,価格の割に満足度が低いと感じました
R00840,2026-07-06,高松店,4,,4,店内がとても清潔で気持ちよかったです,3,設備は必要十分でした,1,呼んでもなかなか来てもらえませんでした,,
R00841,2026-07-22,高松店,3,普通の対応でした,5,,1,,4,,4,家族にもすすめたいです
R00842,2026-07-27,高松店,4,,3,,3,,5,,4,
R00843,2026-07-13,高松店,5,笑顔で挨拶していただき気持ちよかったです,1,トイレの清掃が行き届いていませんでした,3,,2,,1,
R00844,2026-07-21,高松店,3,特に問題はありませんでした,4,店内がとても清潔で気持ちよかったです,2,,5,案内が早くて助かりました,3,可もなく不可もなくという印象です
R00845,2026-07-18,高松店,4,,2,,1,,5,,,可もなく不可もなくという印象です
R00846,2026-07-31,高松店,3,,2,匂いが気になりました,2,駐車場が狭くて停めにくかったです,3,,3,
R00847,2026-08-04,高松店,1,,4,清掃が行き届いていました,3,設備は必要十分でした,4,,2,価格の割に満足度が低いと感じました
R00848,2026-08-02,高松店,3,,2,,5,,2,,3,可もなく不可もなくという印象です
R00849,2026-08-07,高松店,3,特に問題はありませんでした,4,,3,,3,,3,
R00850,2026-08-15,高松店,5,,2,,5,,2,,3,
R00851,2026-08-05,高松店,3,,5,清掃が行き届いていました,5,,4,,1,次は利用しないかもしれません
R00852,2026-08-03,高松店,5,スタッフの対応がとても丁寧でした,4,,3,,4,,4,また利用したいと思います
R00853,2026-08-12,高松店,5,,2,匂いが気になりました,2,設備が古く感じました,4,,,
R00854,2026-08-08,高松店,4,,4,清掃が行き届いていました,5,設備が新しく快適でした,4,待ち時間が少なくスムーズでした,5,期待以上のサービスでした
R00855,2026-08-08,高松店,2,,4,店内がとても清潔で気持ちよかったです,,,3,,5,
R00856,2026-08-16,高松店,5,スタッフの対応がとても丁寧でした,1,,5,設備が新しく快適でした,5,待ち時間が少なくスムーズでした,5,
R00857,2026-08-07,高松店,5,笑顔で挨拶していただき気持ちよかったです,1,トイレの清掃が行き届いていませんでした,3,設備は必要十分でした,1,待ち時間が長く感じました,5,家族にもすすめたいです
R00858,2026-08-01,高松店,3,特に問題はありませんでした,4,,5,,2,待ち時間が長く感じました,2,
R00859,2026-08-11,高松店,4,,4,,1,,1,,5,
R00860,2026-08-14,高松店,5,スタッフの対応がとても丁寧でした,4,,5,,4,,1,
R00861,2026-07-29,松山店,5,,3,,5,,4,案内が早くて助かりました,1,次は利用しないかもしれません
R00862,2026-07-22,松山店,4,笑顔で挨拶していただき気持ちよかったです,5,,3,設備は必要十分でした,4,,4,家族にもすすめたいです
R00863,2026-07-23,松山店,,普通の対応でした,,,5,,4,,5,
R00864,2026-07-06,松山店,4,,5,,5,,3,待ち時間は許容範囲でした,5,
R00865,2026-07-08,松山店,4,,5,,5,駐車場が広くて停めやすかったです,4,,1,
R00866,2026-07-02,松山店,2,態度が悪いスタッフがいました,,清潔さは普通でした,4,,4,,5,期待以上のサービスでした
R00867,2026-07-13,松山店,2,,5,,4,,4,待ち時間が少なくスムーズでした,4,また利用したいと思います
R00868,2026-07-03,松山店,4,,,清潔さは普通でした,3,,3,,2,価格の割に満足度が低いと感じました
R00869,2026-07-18,松山店,5,,5,清掃が行き届いていました,4,,3,待ち時間は許容範囲でした,5,
R00870,2026-07-29,松山店,4,スタッフの対応がとても丁寧でした,5,,5,,3,待ち時間は許容範囲でした,4,家族にもすすめたいです
R00871,2026-07-28,松山店,5,,3,,5,,5,案内が早くて助かりました,5,家族にもすすめたいです
R00872,2026-07-19,松山店,1,説明が分かりにくかったです,1,,5,駐車場が広くて停めやすかったです,1,,3,
R00873,2026-07-23,松山店,5,,5,清掃が行き届いていました,4,駐車場が広くて停めやすかったです,3,,4,期待以上のサービスでした
R00874,2026-07-01,松山店,4,,4,,2,設備が古く感じました,4,,4,期待以上のサービスでした
R00875,2026-07-29,松山店,4,,4,,1,,4,,3,
R00876,2026-07-30,松山店,5,質問にすぐ答えてくれて助かりました,,,5,,4,待ち時間が少なくスムーズでした,4,家族にもすすめたいです
R00877,2026-07-11,松山店,5,,1,床が汚れているのが気になりました,5,駐車場が広くて停めやすかったです,,待ち時間は許容範囲でした,,
R00878,2026-08-14,松山店,5,,4,,2,,5,,4,期待以上のサービスでした
R00879,2026-08-11,松山店,5,,3,清潔さは普通でした,4,,3,,2,期待外れでした
R00880,2026-08-16,松山店,4,,5,店内がとても清潔で気持ちよかったです,5,,1,待ち時間が長く感じました,5,
R00881,2026-08-18,松山店,4,,5,清掃が行き届いていました,3,,2,,4,また利用したいと思います
R00882,2026-08-05,松山店,3,,5,,1,設備が古く感じました,5,,5,
R00883,2026-08-12,松山店,3,,,,4,設備が新しく快適でした,,,5,
R00884,2026-08-10,松山店,4,,4,,5,,5,待ち時間が少なくスムーズでした,4,
R00885,2026-08-16,松山店,2,,4,店内がとても清潔で気持ちよかったです,4,,5,,3,
R00886,2026-08-17,松山店,5,,4,,5,,3,,1,
R00887,2026-07-07,福岡店,5,スタッフの対応がとても丁寧でした,4,店内がとても清潔で気持ちよかったです,2,,2,,4,
R00888,2026-07-29,福岡店,4,質問にすぐ答えてくれて助かりました,3,,,設備は必要十分でした,5,待ち時間が少なくスムーズでした,5,
R00889,2026-07-05,福岡店,4,,4,清掃が行き届いていました,4,,5,案内が早くて助かりました,5,
R00890,2026-07-19,福岡店,4,,5,清掃が行き届いていました,3,,5,案内が早くて助かりました,4,また利用したいと思います
R00891,2026-07-27,福岡店,4,,3,,4,駐車場が広くて停めやすかったです,1,,5,
R00892,2026-07-08,福岡店,5,,5,,4,設備が新しく快適でした,5,案内が早くて助かりました,1,価格の割に満足度が低いと感じました
R00893,2026-07-22,福岡店,5,質問にすぐ答えてくれて助かりました,5,,5,駐車場が広くて停めやすかったです,2,待ち時間が長く感じました,5,
R00894,2026-07-04,福岡店,2,,4,,1,,3,待ち時間は許容範囲でした,5,
R00895,2026-08-15,福岡店,4,笑顔で挨拶していただき気持ちよかったです,,,4,,5,案内が早くて助かりました,4,家族にもすすめたいです
R00896,2026-08-18,福岡店,4,笑顔で挨拶していただき気持ちよかったです,4,,2,駐車場が狭くて停めにくかったです,4,,5,期待以上のサービスでした
R00897,2026-08-07,福岡店,3,特に問題はありませんでした,4,,5,,4,,5,期待以上のサービスでした
R00898,2026-08-18,福岡店,5,,4,店内がとても清潔で気持ちよかったです,3,,4,,3,
R00899,2026-08-04,福岡店,5,スタッフの対応がとても丁寧でした,4,店内がとても清潔で気持ちよかったです,5,駐車場が広くて停めやすかったです,4,案内が早くて助かりました,5,家族にもすすめたいです
R00900,2026-08-04,福岡店,4,,4,店内がとても清潔で気持ちよかったです,1,駐車場が狭くて停めにくかったです,5,,4,また利用したいと思います
R00901,2026-08-07,福岡店,4,笑顔で挨拶していただき気持ちよかったです,3,清潔さは普通でした,4,設備が新しく快適でした,4,,1,期待外れでした
R00902,2026-08-14,福岡店,5,,5,,4,駐車場が広くて停めやすかったです,5,,4,
R00903,2026-08-16,福岡店,5,,5,,4,駐車場が広くて停めやすかったです,5,待ち時間が少なくスムーズでした,2,
R00904,2026-08-07,福岡店,5,,5,,4,,3,,5,また利用したいと思います
R00905,2026-08-15,福岡店,1,態度が悪いスタッフがいました,3,清潔さは普通でした,5,,3,,4,また利用したいと思います
R00906,2026-08-08,福岡店,4,笑顔で挨拶していただき気持ちよかったです,5,店内がとても清潔で気持ちよかったです,5,設備が新しく快適でした,5,,5,
R00907,2026-08-04,福岡店,5,笑顔で挨拶していただき気持ちよかったです,1,,4,設備が新しく快適でした,3,,5,
R00908,2026-08-18,福岡店,4,質問にすぐ答えてくれて助かりました,5,,3,,1,対応が遅く感じました,1,価格の割に満足度が低いと感じました
R00909,2026-08-13,福岡店,4,質問にすぐ答えてくれて助かりました,5,,4,,3,,4,
R00910,2026-08-09,福岡店,3,,5,清掃が行き届いていました,4,,4,,,可もなく不可もなくという印象です
R00005,2026-07-07,札幌店,1,,4,,4,,2,,3,
R00012,2026-07-02,札幌店,1,,5,,2,,3,待ち時間は許容範囲でした,2,
